"ประทับเวลา","ประเภทเกมส์ที่สนใจ","รับสถาณการณ์กดดันได้ดี","ช่างสังเกต","ชอบทดลอง","รักอิสระ","นิยมธรรมชาติอนุรักษ์","ละเอียดรอบคอบ","มีความสนใจในความรู้รอบตัว","เจ้าคนนายคน","มีระเบียบวินัย","นิสัยไม่ยอมคน","คนที่ทันคน","ชอบลองผิดลองถูก","ชอบความท้าทาย","รักสนุก","รักการอ่าน","มีความเป็นตัวของตัวเองสูง","ขี้ระแวง","เข้าสังคมเก่ง","นำประสบการณ์มาปรับใช้","มีความหนักแน่นมั่นคง","เป็นคนสองบุคลิก","รักสวยรักงาม","ไม่ชอบเที่ยวโลดโผน","ไม่ค่อยกล้าแสดงออก","ใจกว้าง","ความจำดี","ขี้เกรงใจคนอื่น","มองโลกในหลายแง่มุม","เป็นคนโรแมนติก"
"2566/02/13 6:41:08 หลังเที่ยง GMT+7","Puzzle","ไม่ใช่","ใช่","ใช่","ใช่","ไม่ใช่","ใช่","ใช่","ไม่ใช่","ใช่","ใช่","ใช่","ใช่","ใช่","ใช่","ใช่","ใช่","ไม่ใช่","ใช่","ใช่","ใช่","ใช่","ใช่","ใช่","ใช่","ใช่","ใช่","ใช่","ใช่","ใช่"
"2566/02/13 6:48:11 หลังเที่ยง GMT+7","Strategy","ใช่","ใช่","ใช่","ใช่","ไม่ใช่","ใช่","ใช่","ไม่ใช่","ใช่","ไม่ใช่","ใช่","ใช่","ใช่","ใช่","ใช่","ใช่","ใช่","ไม่ใช่","ไม่ใช่","ใช่","ใช่","ใช่","ไม่ใช่","ใช่","ใช่","ใช่","ใช่","ใช่","ใช่"
"2566/02/13 6:49:26 หลังเที่ยง GMT+7","Strategy","ใช่","ไม่ใช่","ใช่","ใช่","ไม่ใช่","ไม่ใช่","ใช่","ใช่","ใช่","ใช่","ใช่","ใช่","ใช่","ไม่ใช่","ใช่","ใช่","ใช่","ไม่ใช่","ใช่","ไม่ใช่","ใช่","ใช่","ไม่ใช่","ไม่ใช่","ใช่","ไม่ใช่","ใช่","ใช่","ไม่ใช่"
"2566/02/13 7:11:29 หลังเที่ยง GMT+7","RPG","ใช่","ใช่","ใช่","ใช่","ใช่","ใช่","ใช่","ไม่ใช่","ไม่ใช่","ไม่ใช่","ไม่ใช่","ใช่","ใช่","ไม่ใช่","ไม่ใช่","ใช่","ใช่","ไม่ใช่","ใช่","ใช่","ไม่ใช่","ใช่","ใช่","ใช่","ใช่","ไม่ใช่","ใช่","ใช่","ใช่"
"2566/02/13 7:49:10 หลังเที่ยง GMT+7","Advanture","ไม่ใช่","ไม่ใช่","ใช่","ใช่","ใช่","ใช่","ใช่","ใช่","ใช่","ใช่","ใช่","ใช่","ใช่","ไม่ใช่","ไม่ใช่","ใช่","ไม่ใช่","ไม่ใช่","ไม่ใช่","ใช่","ใช่","ใช่","ไม่ใช่","ไม่ใช่","ใช่","ใช่","ใช่","ใช่","ใช่"
"2566/02/13 7:55:42 หลังเที่ยง GMT+7","Advanture","ใช่","ใช่","ใช่","ใช่","ไม่ใช่","ใช่","ใช่","ใช่","ใช่","ใช่","ใช่","ใช่","ใช่","ใช่","ไม่ใช่","ใช่","ใช่","ไม่ใช่","ไม่ใช่","ใช่","ใช่","ใช่","ใช่","ใช่","ใช่","ใช่","ใช่","ใช่","ใช่"
"2566/02/13 8:08:09 หลังเที่ยง GMT+7","Action","ใช่","ใช่","ใช่","ใช่","ไม่ใช่","ไม่ใช่","ใช่","ใช่","ไม่ใช่","ใช่","ใช่","ใช่","ใช่","ไม่ใช่","ไม่ใช่","ใช่","ใช่","ไม่ใช่","ใช่","ใช่","ใช่","ไม่ใช่","ไม่ใช่","ไม่ใช่","ไม่ใช่","ไม่ใช่","ไม่ใช่","ไม่ใช่","ไม่ใช่"
"2566/02/13 8:12:22 หลังเที่ยง GMT+7","Action","ใช่","ใช่","ใช่","ใช่","ใช่","ใช่","ใช่","ใช่","ใช่","ใช่","ใช่","ใช่","ใช่","ใช่","ไม่ใช่","ใช่","ไม่ใช่","ใช่","ใช่","ใช่","ใช่","ใช่","ใช่","ใช่","ใช่","ใช่","ใช่","ใช่","ไม่ใช่"
"2566/02/13 8:16:51 หลังเที่ยง GMT+7","Sport","ใช่","ใช่","ไม่ใช่","ใช่","ไม่ใช่","ใช่","ใช่","ไม่ใช่","ใช่","ไม่ใช่","ใช่","ไม่ใช่","ใช่","ใช่","ไม่ใช่","ใช่","ไม่ใช่","ใช่","ไม่ใช่","ใช่","ไม่ใช่","ใช่","ไม่ใช่","ไม่ใช่","ใช่","ไม่ใช่","ไม่ใช่","ใช่","ใช่"
"2566/02/13 8:26:09 หลังเที่ยง GMT+7","Advanture","ใช่","ใช่","ใช่","ใช่","ไม่ใช่","ใช่","ใช่","ไม่ใช่","ใช่","ไม่ใช่","ไม่ใช่","ใช่","ใช่","ใช่","ใช่","ใช่","ใช่","ไม่ใช่","ใช่","ใช่","ใช่","ไม่ใช่","ใช่","ใช่","ใช่","ใช่","ใช่","ใช่","ไม่ใช่"
"2566/02/13 8:29:47 หลังเที่ยง GMT+7","Sport","ใช่","ใช่","ใช่","ใช่","ใช่","ใช่","ไม่ใช่","ใช่","ใช่","ใช่","ใช่","ใช่","ใช่","ใช่","ใช่","ใช่","ใช่","ใช่","ใช่","ใช่","ใช่","ใช่","ใช่","ใช่","ใช่","ใช่","ใช่","ใช่","ใช่"
"2566/02/13 8:29:55 หลังเที่ยง GMT+7","Advanture","ใช่","ใช่","ใช่","ใช่","ใช่","ใช่","ใช่","ไม่ใช่","ใช่","ไม่ใช่","ใช่","ใช่","ใช่","ไม่ใช่","ไม่ใช่","ใช่","ไม่ใช่","ไม่ใช่","ใช่","ไม่ใช่","ใช่","ไม่ใช่","ไม่ใช่","ใช่","ใช่","ใช่","ใช่","ใช่","ไม่ใช่"
"2566/02/13 8:34:07 หลังเที่ยง GMT+7","Advanture","ใช่","ใช่","ใช่","ใช่","ใช่","ไม่ใช่","ไม่ใช่","ไม่ใช่","ไม่ใช่","ใช่","ไม่ใช่","ใช่","ใช่","ไม่ใช่","ไม่ใช่","ใช่","ไม่ใช่","ไม่ใช่","ใช่","ใช่","ไม่ใช่","ใช่","ไม่ใช่","ใช่","ใช่","ไม่ใช่","ใช่","ใช่","ใช่"
"2566/02/13 8:35:30 หลังเที่ยง GMT+7","Simulation","ใช่","ใช่","ใช่","ใช่","ใช่","ใช่","ใช่","ใช่","ใช่","ไม่ใช่","ใช่","ใช่","ไม่ใช่","ใช่","ไม่ใช่","ใช่","ใช่","ใช่","ใช่","ใช่","ไม่ใช่","ใช่","ใช่","ใช่","ใช่","ใช่","ใช่","ใช่","ใช่"
"2566/02/13 8:47:19 หลังเที่ยง GMT+7","Puzzle","ไม่ใช่","ใช่","ไม่ใช่","ใช่","ใช่","ใช่","ใช่","ไม่ใช่","ใช่","ไม่ใช่","ใช่","ใช่","ใช่","ไม่ใช่","ใช่","ใช่","ใช่","ไม่ใช่","ใช่","ใช่","ไม่ใช่","ใช่","ใช่","ใช่","ใช่","ใช่","ใช่","ใช่","ใช่"
"2566/02/13 8:48:16 หลังเที่ยง GMT+7","Action","ใช่","ใช่","ใช่","ใช่","ไม่ใช่","ไม่ใช่","ไม่ใช่","ไม่ใช่","ไม่ใช่","ใช่","ไม่ใช่","ไม่ใช่","ใช่","ไม่ใช่","ไม่ใช่","ใช่","ไม่ใช่","ไม่ใช่","ใช่","ใช่","ไม่ใช่","ไม่ใช่","ไม่ใช่","ใช่","ไม่ใช่","ใช่","ใช่","ใช่","ใช่"
"2566/02/13 8:54:53 หลังเที่ยง GMT+7","RPG","ใช่","ใช่","ใช่","ใช่","ไม่ใช่","ใช่","ใช่","ใช่","ใช่","ใช่","ใช่","ใช่","ใช่","ใช่","ไม่ใช่","ใช่","ใช่","ไม่ใช่","ใช่","ใช่","ใช่","ไม่ใช่","ใช่","ใช่","ใช่","ไม่ใช่","ใช่","ใช่","ใช่"
"2566/02/13 8:55:10 หลังเที่ยง GMT+7","Action","ไม่ใช่","ใช่","ใช่","ใช่","ใช่","ไม่ใช่","ใช่","ไม่ใช่","ใช่","ใช่","ใช่","ใช่","ไม่ใช่","ไม่ใช่","ไม่ใช่","ใช่","ใช่","ไม่ใช่","ไม่ใช่","ไม่ใช่","ใช่","ใช่","ไม่ใช่","ใช่","ใช่","ไม่ใช่","ใช่","ใช่","ใช่"
"2566/02/13 8:55:19 หลังเที่ยง GMT+7","Strategy","ใช่","ใช่","ใช่","ใช่","ใช่","ไม่ใช่","ใช่","ไม่ใช่","ไม่ใช่","ไม่ใช่","ใช่","ใช่","ใช่","ไม่ใช่","ไม่ใช่","ใช่","ไม่ใช่","ใช่","ใช่","ไม่ใช่","ไม่ใช่","ใช่","ไม่ใช่","ไม่ใช่","ใช่","ไม่ใช่","ใช่","ใช่","ไม่ใช่"
"2566/02/13 8:57:05 หลังเที่ยง GMT+7","RPG","ไม่ใช่","ไม่ใช่","ใช่","ใช่","ไม่ใช่","ไม่ใช่","ใช่","ไม่ใช่","ไม่ใช่","ใช่","ไม่ใช่","ใช่","ใช่","ไม่ใช่","ไม่ใช่","ไม่ใช่","ไม่ใช่","ไม่ใช่","ไม่ใช่","ไม่ใช่","ไม่ใช่","ใช่","ไม่ใช่","ใช่","ใช่","ไม่ใช่","ใช่","ใช่","ไม่ใช่"
"2566/02/13 9:06:58 หลังเที่ยง GMT+7","RPG","ใช่","ใช่","ใช่","ใช่","ไม่ใช่","ไม่ใช่","ไม่ใช่","ไม่ใช่","ไม่ใช่","ใช่","ใช่","ใช่","ใช่","ใช่","ใช่","ใช่","ใช่","ใช่","ใช่","ใช่","ไม่ใช่","ไม่ใช่","ใช่","ใช่","ใช่","ใช่","ใช่","ใช่","ใช่"
"2566/02/13 9:15:39 หลังเที่ยง GMT+7","Action","ใช่","ใช่","ใช่","ใช่","ไม่ใช่","ไม่ใช่","ใช่","ไม่ใช่","ใช่","ใช่","ใช่","ใช่","ใช่","ใช่","ไม่ใช่","ใช่","ใช่","ไม่ใช่","ใช่","ใช่","ใช่","ไม่ใช่","ใช่","ใช่","ใช่","ไม่ใช่","ใช่","ใช่","ไม่ใช่"
"2566/02/13 9:51:06 หลังเที่ยง GMT+7","RPG","ใช่","ใช่","ใช่","ใช่","ไม่ใช่","ไม่ใช่","ใช่","ไม่ใช่","ใช่","ใช่","ไม่ใช่","ใช่","ใช่","ใช่","ใช่","ไม่ใช่","ใช่","ใช่","ไม่ใช่","ใช่","ไม่ใช่","ไม่ใช่","ไม่ใช่","ไม่ใช่","ใช่","ใช่","ใช่","ใช่","ไม่ใช่"
"2566/02/13 10:03:21 หลังเที่ยง GMT+7","Action","ใช่","ใช่","ใช่","ใช่","ใช่","ใช่","ใช่","ใช่","ใช่","ใช่","ใช่","ใช่","ใช่","ใช่","ใช่","ใช่","ใช่","ใช่","ใช่","ใช่","ใช่","ใช่","ใช่","ใช่","ใช่","ใช่","ใช่","ใช่","ใช่"
"2566/02/13 10:55:46 หลังเที่ยง GMT+7","Puzzle","ใช่","ใช่","ใช่","ใช่","ไม่ใช่","ใช่","ใช่","ใช่","ใช่","ใช่","ใช่","ใช่","ใช่","ใช่","ใช่","ใช่","ไม่ใช่","ใช่","ไม่ใช่","ใช่","ใช่","ใช่","ใช่","ไม่ใช่","ใช่","ใช่","ใช่","ใช่","ใช่"
"2566/02/13 11:23:50 หลังเที่ยง GMT+7","Action","ใช่","ใช่","ใช่","ใช่","ใช่","ใช่","ใช่","ไม่ใช่","ใช่","ไม่ใช่","ใช่","ใช่","ใช่","ใช่","ใช่","ใช่","ใช่","ใช่","ใช่","ใช่","ไม่ใช่","ใช่","ไม่ใช่","ไม่ใช่","ใช่","ใช่","ใช่","ใช่","ใช่"
"2566/02/14 3:47:12 ก่อนเที่ยง GMT+7","Action","ใช่","ใช่","ไม่ใช่","ไม่ใช่","ไม่ใช่","ไม่ใช่","ไม่ใช่","ใช่","ไม่ใช่","ใช่","ไม่ใช่","ไม่ใช่","ใช่","ไม่ใช่","ไม่ใช่","ไม่ใช่","ไม่ใช่","ไม่ใช่","ใช่","ไม่ใช่","ไม่ใช่","ไม่ใช่","ไม่ใช่","ไม่ใช่","ไม่ใช่","ไม่ใช่","ไม่ใช่","ใช่","ไม่ใช่"
"2566/02/14 3:53:51 ก่อนเที่ยง GMT+7","Advanture","ใช่","ใช่","ไม่ใช่","ใช่","ใช่","ไม่ใช่","ใช่","ไม่ใช่","ไม่ใช่","ไม่ใช่","ไม่ใช่","ใช่","ใช่","ไม่ใช่","ไม่ใช่","ไม่ใช่","ไม่ใช่","ไม่ใช่","ใช่","ใช่","ไม่ใช่","ใช่","ไม่ใช่","ใช่","ไม่ใช่","ไม่ใช่","ไม่ใช่","ไม่ใช่","ไม่ใช่"
"2566/02/14 4:02:51 ก่อนเที่ยง GMT+7","Puzzle","ใช่","ใช่","ไม่ใช่","ไม่ใช่","ไม่ใช่","ใช่","ใช่","ไม่ใช่","ไม่ใช่","ไม่ใช่","ไม่ใช่","ใช่","ใช่","ไม่ใช่","ใช่","ไม่ใช่","ไม่ใช่","ไม่ใช่","ไม่ใช่","ไม่ใช่","ไม่ใช่","ไม่ใช่","ไม่ใช่","ไม่ใช่","ใช่","ใช่","ไม่ใช่","ไม่ใช่","ไม่ใช่"
"2566/02/14 4:08:18 ก่อนเที่ยง GMT+7","Fighting","ไม่ใช่","ไม่ใช่","ไม่ใช่","ไม่ใช่","ไม่ใช่","ไม่ใช่","ไม่ใช่","ไม่ใช่","ไม่ใช่","ใช่","ไม่ใช่","ไม่ใช่","ใช่","ไม่ใช่","ไม่ใช่","ไม่ใช่","ไม่ใช่","ไม่ใช่","ใช่","ไม่ใช่","ใช่","ไม่ใช่","ไม่ใช่","ใช่","ไม่ใช่","ไม่ใช่","ใช่","ไม่ใช่","ไม่ใช่"
"2566/02/14 7:27:22 ก่อนเที่ยง GMT+7","Advanture","ไม่ใช่","ใช่","ใช่","ใช่","ไม่ใช่","ไม่ใช่","ใช่","ใช่","ไม่ใช่","ใช่","ใช่","ใช่","ใช่","ใช่","ใช่","ใช่","ใช่","ใช่","ใช่","ใช่","ใช่","ใช่","ไม่ใช่","ไม่ใช่","ไม่ใช่","ไม่ใช่","ไม่ใช่","ไม่ใช่","ใช่"
"2566/02/14 10:05:27 ก่อนเที่ยง GMT+7","RPG","ใช่","ใช่","ใช่","ไม่ใช่","ใช่","ไม่ใช่","ใช่","ไม่ใช่","ไม่ใช่","ไม่ใช่","ใช่","ใช่","ใช่","ไม่ใช่","ใช่","ใช่","ใช่","ใช่","ใช่","ใช่","ไม่ใช่","ไม่ใช่","ไม่ใช่","ใช่","ใช่","ไม่ใช่","ใช่","ใช่","ใช่"
"2566/02/14 12:08:29 หลังเที่ยง GMT+7","Puzzle","ไม่ใช่","ไม่ใช่","ไม่ใช่","ใช่","ไม่ใช่","ไม่ใช่","ไม่ใช่","ไม่ใช่","ใช่","ใช่","ใช่","ใช่","ใช่","ไม่ใช่","ใช่","ใช่","ไม่ใช่","ไม่ใช่","ใช่","ไม่ใช่","ไม่ใช่","ใช่","ใช่","ใช่","ใช่","ใช่","ใช่","ใช่","ไม่ใช่"
"2566/02/14 12:42:40 หลังเที่ยง GMT+7","Fighting","ไม่ใช่","ใช่","ใช่","ใช่","ใช่","ใช่","ใช่","ไม่ใช่","ใช่","ใช่","ใช่","ใช่","ใช่","ไม่ใช่","ใช่","ใช่","ใช่","ไม่ใช่","ใช่","ใช่","ใช่","ใช่","ใช่","ใช่","ไม่ใช่","ใช่","ใช่","ใช่","ไม่ใช่"
"2566/02/14 1:22:22 หลังเที่ยง GMT+7","Fighting","ใช่","ใช่","ใช่","ใช่","ใช่","ไม่ใช่","ใช่","ใช่","ไม่ใช่","ใช่","ใช่","ใช่","ไม่ใช่","ไม่ใช่","ใช่","ใช่","ใช่","ใช่","ใช่","ไม่ใช่","ใช่","ไม่ใช่","ใช่","ใช่","ใช่","ใช่","ใช่","ใช่","ใช่"
"2566/02/14 2:46:06 หลังเที่ยง GMT+7","Simulation","ไม่ใช่","ไม่ใช่","ใช่","ใช่","ใช่","ไม่ใช่","ใช่","ไม่ใช่","ไม่ใช่","ใช่","ไม่ใช่","ใช่","ใช่","ไม่ใช่","ไม่ใช่","ใช่","ไม่ใช่","ไม่ใช่","ใช่","ไม่ใช่","ไม่ใช่","ไม่ใช่","ไม่ใช่","ใช่","ใช่","ไม่ใช่","ใช่","ใช่","ไม่ใช่"
"2566/02/14 2:48:21 หลังเที่ยง GMT+7","Simulation","ไม่ใช่","ไม่ใช่","ใช่","ใช่","ใช่","ไม่ใช่","ใช่","ไม่ใช่","ไม่ใช่","ใช่","ไม่ใช่","ใช่","ไม่ใช่","ไม่ใช่","ไม่ใช่","ใช่","ใช่","ไม่ใช่","ใช่","ไม่ใช่","ไม่ใช่","ไม่ใช่","ไม่ใช่","ใช่","ใช่","ไม่ใช่","ใช่","ใช่","ไม่ใช่"
"2566/02/14 2:58:08 หลังเที่ยง GMT+7","Simulation","ไม่ใช่","ใช่","ใช่","ใช่","ไม่ใช่","ใช่","ใช่","ไม่ใช่","ไม่ใช่","ไม่ใช่","ใช่","ใช่","ใช่","ใช่","ใช่","ใช่","ใช่","ไม่ใช่","ใช่","ไม่ใช่","ไม่ใช่","ไม่ใช่","ไม่ใช่","ใช่","ใช่","ใช่","ใช่","ใช่","ไม่ใช่"
"2566/02/14 4:05:37 หลังเที่ยง GMT+7","Advanture","ไม่ใช่","ไม่ใช่","ใช่","ใช่","ไม่ใช่","ไม่ใช่","ไม่ใช่","ไม่ใช่","ไม่ใช่","ใช่","ไม่ใช่","ใช่","ใช่","ใช่","ใช่","ใช่","ใช่","ไม่ใช่","ใช่","ไม่ใช่","ไม่ใช่","ไม่ใช่","ไม่ใช่","ใช่","ไม่ใช่","ไม่ใช่","ใช่","ใช่","ไม่ใช่"
"2566/02/14 4:12:40 หลังเที่ยง GMT+7","RPG","ใช่","ใช่","ใช่","ใช่","ไม่ใช่","ใช่","ใช่","ใช่","ไม่ใช่","ใช่","ใช่","ใช่","ใช่","ใช่","ใช่","ใช่","ใช่","ใช่","ใช่","ไม่ใช่","ใช่","ใช่","ไม่ใช่","ใช่","ใช่","ใช่","ใช่","ใช่","ไม่ใช่"
"2566/02/14 4:52:54 หลังเที่ยง GMT+7","Puzzle","ไม่ใช่","ไม่ใช่","ไม่ใช่","ใช่","ใช่","ไม่ใช่","ใช่","ไม่ใช่","ไม่ใช่","ใช่","ไม่ใช่","ใช่","ไม่ใช่","ใช่","ใช่","ใช่","ใช่","ไม่ใช่","ใช่","ใช่","ไม่ใช่","ไม่ใช่","ใช่","ใช่","ใช่","ไม่ใช่","ใช่","ใช่","ไม่ใช่"
"2566/02/14 6:23:25 หลังเที่ยง GMT+7","Action","ใช่","ใช่","ใช่","ใช่","ใช่","ใช่","ไม่ใช่","ไม่ใช่","ใช่","ใช่","ไม่ใช่","ใช่","ใช่","ใช่","ไม่ใช่","ใช่","ใช่","ไม่ใช่","ใช่","ไม่ใช่","ไม่ใช่","ใช่","ไม่ใช่","ใช่","ใช่","ใช่","ใช่","ใช่","ใช่"
"2566/02/14 8:04:28 หลังเที่ยง GMT+7","Advanture","ไม่ใช่","ใช่","ไม่ใช่","ใช่","ไม่ใช่","ใช่","ใช่","ไม่ใช่","ไม่ใช่","ใช่","ไม่ใช่","ใช่","ใช่","ใช่","ใช่","ใช่","ใช่","ไม่ใช่","ใช่","ไม่ใช่","ไม่ใช่","ใช่","ใช่","ใช่","ใช่","ใช่","ใช่","ใช่","ไม่ใช่"
"2566/02/14 8:42:54 หลังเที่ยง GMT+7","Simulation","ใช่","ไม่ใช่","ใช่","ใช่","ไม่ใช่","ไม่ใช่","ใช่","ใช่","ไม่ใช่","ใช่","ไม่ใช่","ใช่","ใช่","ใช่","ไม่ใช่","ใช่","ใช่","ไม่ใช่","ใช่","ไม่ใช่","ใช่","ไม่ใช่","ใช่","ใช่","ใช่","ไม่ใช่","ใช่","ใช่","ไม่ใช่"
"2566/02/14 9:37:41 หลังเที่ยง GMT+7","Action","ใช่","ใช่","ใช่","ใช่","ไม่ใช่","ไม่ใช่","ใช่","ไม่ใช่","ไม่ใช่","ใช่","ใช่","ใช่","ใช่","ใช่","ใช่","ใช่","ใช่","ไม่ใช่","ใช่","ใช่","ใช่","ไม่ใช่","ไม่ใช่","ใช่","ใช่","ไม่ใช่","ใช่","ใช่","ใช่"
"2566/02/14 10:30:13 หลังเที่ยง GMT+7","Fighting","ใช่","ใช่","ไม่ใช่","ใช่","ใช่","ไม่ใช่","ไม่ใช่","ไม่ใช่","ใช่","ไม่ใช่","ใช่","ใช่","ใช่","ใช่","ไม่ใช่","ไม่ใช่","ใช่","ใช่","ใช่","ไม่ใช่","ไม่ใช่","ใช่","ไม่ใช่","ใช่","ใช่","ไม่ใช่","ใช่","ใช่","ไม่ใช่"
"2566/02/14 11:00:53 หลังเที่ยง GMT+7","Advanture","ไม่ใช่","ใช่","ใช่","ใช่","ใช่","ใช่","ใช่","ไม่ใช่","ใช่","ไม่ใช่","ใช่","ไม่ใช่","ใช่","ใช่","ใช่","ไม่ใช่","ไม่ใช่","ไม่ใช่","ใช่","ใช่","ใช่","ไม่ใช่","ใช่","ใช่","ใช่","ไม่ใช่","ใช่","ใช่","ไม่ใช่"
"2566/02/14 11:03:36 หลังเที่ยง GMT+7","Action","ใช่","ใช่","ใช่","ใช่","ใช่","ไม่ใช่","ใช่","ไม่ใช่","ใช่","ไม่ใช่","ใช่","ใช่","ใช่","ใช่","ใช่","ใช่","ใช่","ใช่","ใช่","ใช่","ใช่","ใช่","ใช่","ไม่ใช่","ใช่","ไม่ใช่","ใช่","ใช่","ใช่"
"2566/02/14 11:17:39 หลังเที่ยง GMT+7","Action","ใช่","ใช่","ใช่","ใช่","ใช่","ใช่","ใช่","ใช่","ใช่","ใช่","ใช่","ใช่","ใช่","ใช่","ไม่ใช่","ใช่","ไม่ใช่","ใช่","ใช่","ใช่","ใช่","ใช่","ใช่","ใช่","ใช่","ใช่","ใช่","ใช่","ใช่"
"2566/02/14 11:38:43 หลังเที่ยง GMT+7","RPG","ใช่","ใช่","ใช่","ใช่","ไม่ใช่","ใช่","ใช่","ไม่ใช่","ใช่","ใช่","ใช่","ใช่","ใช่","ไม่ใช่","ใช่","ใช่","ไม่ใช่","ใช่","ใช่","ใช่","ใช่","ไม่ใช่","ใช่","ไม่ใช่","ใช่","ใช่","ใช่","ใช่","ใช่"
"2566/02/15 5:18:46 ก่อนเที่ยง GMT+7","RPG","ใช่","ใช่","ใช่","ใช่","ใช่","ไม่ใช่","ใช่","ไม่ใช่","ไม่ใช่","ใช่","ใช่","ใช่","ใช่","ใช่","ไม่ใช่","ใช่","ใช่","ใช่","ใช่","ใช่","ใช่","ใช่","ไม่ใช่","ไม่ใช่","ใช่","ใช่","ใช่","ใช่","ใช่"
"2566/02/15 7:21:09 ก่อนเที่ยง GMT+7","Simulation","ใช่","ใช่","ไม่ใช่","ใช่","ไม่ใช่","ใช่","ใช่","ไม่ใช่","ไม่ใช่","ใช่","ไม่ใช่","ใช่","ใช่","ใช่","ไม่ใช่","ไม่ใช่","ไม่ใช่","ใช่","ใช่","ใช่","ใช่","ไม่ใช่","ไม่ใช่","ใช่","ใช่","ไม่ใช่","ใช่","ไม่ใช่","ไม่ใช่"
"2566/02/15 9:01:39 ก่อนเที่ยง GMT+7","Simulation","ใช่","ใช่","ใช่","ใช่","ใช่","ใช่","ใช่","ใช่","ใช่","ไม่ใช่","ใช่","ใช่","ใช่","ใช่","ใช่","ใช่","ไม่ใช่","ใช่","ใช่","ใช่","ไม่ใช่","ใช่","ใช่","ไม่ใช่","ใช่","ใช่","ใช่","ใช่","ใช่"
"2566/02/15 9:02:17 ก่อนเที่ยง GMT+7","Puzzle","ไม่ใช่","ใช่","ใช่","ไม่ใช่","ใช่","ใช่","ใช่","ใช่","ใช่","ไม่ใช่","ไม่ใช่","ใช่","ใช่","ไม่ใช่","ใช่","ใช่","ไม่ใช่","ใช่","ไม่ใช่","ใช่","ใช่","ใช่","ใช่","ไม่ใช่","ใช่","ใช่","ใช่","ใช่","ใช่"
"2566/02/15 9:05:04 ก่อนเที่ยง GMT+7","RPG","ไม่ใช่","ใช่","ใช่","ไม่ใช่","ใช่","ใช่","ใช่","ใช่","ใช่","ไม่ใช่","ไม่ใช่","ใช่","ไม่ใช่","ใช่","ไม่ใช่","ไม่ใช่","ไม่ใช่","ไม่ใช่","ใช่","ไม่ใช่","ใช่","ไม่ใช่","ไม่ใช่","ใช่","ไม่ใช่","ใช่","ไม่ใช่","ใช่","ไม่ใช่"
"2566/02/15 9:11:32 ก่อนเที่ยง GMT+7","RPG","ใช่","ใช่","ใช่","ใช่","ไม่ใช่","ใช่","ใช่","ไม่ใช่","ใช่","ไม่ใช่","ใช่","ใช่","ใช่","ใช่","ใช่","ใช่","ไม่ใช่","ใช่","ใช่","ใช่","ใช่","ใช่","ใช่","ใช่","ใช่","ไม่ใช่","ใช่","ใช่","ใช่"
"2566/02/15 10:04:23 ก่อนเที่ยง GMT+7","Action","ไม่ใช่","ใช่","ใช่","ใช่","ใช่","ใช่","ใช่","ใช่","ใช่","ไม่ใช่","ใช่","ใช่","ใช่","ใช่","ใช่","ใช่","ใช่","ใช่","ใช่","ใช่","ใช่","ใช่","ใช่","ไม่ใช่","ใช่","ใช่","ใช่","ใช่","ใช่"
"2566/02/15 11:12:36 ก่อนเที่ยง GMT+7","Advanture","ใช่","ใช่","ใช่","ใช่","ใช่","ใช่","ใช่","ใช่","ใช่","ใช่","ใช่","ใช่","ใช่","ใช่","ไม่ใช่","ใช่","ใช่","ใช่","ใช่","ใช่","ไม่ใช่","ใช่","ไม่ใช่","ใช่","ใช่","ใช่","ใช่","ใช่","ไม่ใช่"
"2566/02/15 12:30:56 หลังเที่ยง GMT+7","RPG","ไม่ใช่","ใช่","ใช่","ใช่","ใช่","ใช่","ใช่","ไม่ใช่","ใช่","ไม่ใช่","ใช่","ใช่","ใช่","ใช่","ใช่","ใช่","ใช่","ใช่","ใช่","ใช่","ไม่ใช่","ใช่","ไม่ใช่","ไม่ใช่","ใช่","ใช่","ใช่","ใช่","ใช่"
"2566/02/15 1:47:19 หลังเที่ยง GMT+7","Simulation","ไม่ใช่","ใช่","ใช่","ใช่","ใช่","ใช่","ไม่ใช่","ไม่ใช่","ใช่","ไม่ใช่","ใช่","ใช่","ไม่ใช่","ไม่ใช่","ใช่","ใช่","ใช่","ไม่ใช่","ใช่","ไม่ใช่","ใช่","ไม่ใช่","ใช่","ใช่","ใช่","ใช่","ใช่","ใช่","ใช่"
"2566/02/15 2:23:56 หลังเที่ยง GMT+7","Sport","ใช่","ใช่","ใช่","ใช่","ใช่","ใช่","ใช่","ใช่","ใช่","ใช่","ใช่","ไม่ใช่","ใช่","ใช่","ใช่","ใช่","ใช่","ใช่","ใช่","ใช่","ใช่","ใช่","ไม่ใช่","ไม่ใช่","ใช่","ใช่","ใช่","ใช่","ไม่ใช่"
"2566/02/15 3:25:05 หลังเที่ยง GMT+7","Action","ใช่","ใช่","ใช่","ใช่","ใช่","ใช่","ใช่","ใช่","ใช่","ใช่","ใช่","ไม่ใช่","ไม่ใช่","ไม่ใช่","ไม่ใช่","ใช่","ไม่ใช่","ใช่","ใช่","ใช่","ไม่ใช่","ใช่","ใช่","ใช่","ใช่","ไม่ใช่","ใช่","ใช่","ใช่"
"2566/02/15 6:59:45 หลังเที่ยง GMT+7","Strategy","ใช่","ใช่","ใช่","ใช่","ใช่","ไม่ใช่","ใช่","ไม่ใช่","ไม่ใช่","ไม่ใช่","ใช่","ใช่","ใช่","ใช่","ใช่","ใช่","ใช่","ไม่ใช่","ใช่","ไม่ใช่","ไม่ใช่","ไม่ใช่","ไม่ใช่","ใช่","ใช่","ใช่","ใช่","ใช่","ไม่ใช่"
"2566/02/15 7:35:40 หลังเที่ยง GMT+7","Advanture","ใช่","ใช่","ใช่","ใช่","ใช่","ใช่","ใช่","ใช่","ใช่","ใช่","ใช่","ใช่","ใช่","ใช่","ไม่ใช่","ใช่","ใช่","ใช่","ใช่","ใช่","ใช่","ใช่","ใช่","ไม่ใช่","ใช่","ไม่ใช่","ใช่","ใช่","ไม่ใช่"
"2566/02/15 10:18:22 หลังเที่ยง GMT+7","Sport","ไม่ใช่","ใช่","ไม่ใช่","ใช่","ไม่ใช่","ไม่ใช่","ใช่","ไม่ใช่","ไม่ใช่","ใช่","ไม่ใช่","ใช่","ไม่ใช่","ใช่","ใช่","ใช่","ใช่","ไม่ใช่","ใช่","ใช่","ไม่ใช่","ใช่","ใช่","ใช่","ไม่ใช่","ไม่ใช่","ใช่","ใช่","ใช่"
"2566/02/15 10:24:54 หลังเที่ยง GMT+7","Puzzle","ใช่","ใช่","ใช่","ไม่ใช่","ไม่ใช่","ไม่ใช่","ไม่ใช่","ไม่ใช่","ไม่ใช่","ไม่ใช่","ไม่ใช่","ใช่","ใช่","ใช่","ไม่ใช่","ใช่","ใช่","ไม่ใช่","ใช่","ไม่ใช่","ไม่ใช่","ไม่ใช่","ใช่","ใช่","ใช่","ไม่ใช่","ใช่","ใช่","ไม่ใช่"
"2566/02/16 4:39:21 ก่อนเที่ยง GMT+7","Sport","ใช่","ใช่","ใช่","ใช่","ไม่ใช่","ไม่ใช่","ใช่","ใช่","ไม่ใช่","ใช่","ใช่","ใช่","ใช่","ใช่","ใช่","ใช่","ใช่","ใช่","ใช่","ใช่","ไม่ใช่","ใช่","ใช่","ไม่ใช่","ใช่","ใช่","ใช่","ใช่","ไม่ใช่"
"2566/02/16 1:53:56 หลังเที่ยง GMT+7","Fighting","ไม่ใช่","ใช่","ใช่","ใช่","ไม่ใช่","ไม่ใช่","ใช่","ใช่","ไม่ใช่","ใช่","ใช่","ใช่","ใช่","ใช่","ไม่ใช่","ใช่","ใช่","ใช่","ไม่ใช่","ใช่","ใช่","ใช่","ไม่ใช่","ไม่ใช่","ใช่","ใช่","ใช่","ใช่","ใช่"
"2566/02/16 11:27:38 หลังเที่ยง GMT+7","Puzzle","ไม่ใช่","ใช่","ใช่","ใช่","ไม่ใช่","ไม่ใช่","ใช่","ไม่ใช่","ไม่ใช่","ไม่ใช่","ไม่ใช่","ใช่","ไม่ใช่","ไม่ใช่","ใช่","ใช่","ใช่","ไม่ใช่","ใช่","ใช่","ไม่ใช่","ใช่","ไม่ใช่","ไม่ใช่","ใช่","ใช่","ใช่","ใช่","ไม่ใช่"
"2566/02/17 10:30:59 ก่อนเที่ยง GMT+7","Action","ใช่","ใช่","ใช่","ใช่","ใช่","ใช่","ใช่","ไม่ใช่","ใช่","ไม่ใช่","ไม่ใช่","ใช่","ไม่ใช่","ใช่","ไม่ใช่","ไม่ใช่","ใช่","ไม่ใช่","ใช่","ใช่","ไม่ใช่","ไม่ใช่","ใช่","ใช่","ใช่","ใช่","ใช่","ใช่","ไม่ใช่"
"2566/02/18 10:03:15 ก่อนเที่ยง GMT+7","Sport","ใช่","ใช่","ใช่","ใช่","ใช่","ใช่","ใช่","ใช่","ใช่","ใช่","ใช่","ใช่","ใช่","ใช่","ใช่","ใช่","ไม่ใช่","ใช่","ใช่","ใช่","ไม่ใช่","ใช่","ใช่","ไม่ใช่","ใช่","ไม่ใช่","ใช่","ใช่","ใช่"
"2566/02/18 9:57:10 หลังเที่ยง GMT+7","Puzzle","ไม่ใช่","ใช่","ใช่","ใช่","ใช่","ใช่","ใช่","ไม่ใช่","ไม่ใช่","ไม่ใช่","ไม่ใช่","ใช่","ใช่","ใช่","ใช่","ใช่","ไม่ใช่","ไม่ใช่","ใช่","ไม่ใช่","ใช่","ใช่","ใช่","ใช่","ใช่","ใช่","ใช่","ใช่","ไม่ใช่"
"2566/02/19 12:59:08 ก่อนเที่ยง GMT+7","RPG","ไม่ใช่","ใช่","ใช่","ใช่","ใช่","ใช่","ใช่","ไม่ใช่","ใช่","ใช่","ใช่","ใช่","ใช่","ใช่","ใช่","ใช่","ใช่","ไม่ใช่","ใช่","ใช่","ใช่","ใช่","ไม่ใช่","ไม่ใช่","ใช่","ไม่ใช่","ใช่","ใช่","ใช่"
"2566/02/22 4:47:05 หลังเที่ยง GMT+7","Fighting","ใช่","ใช่","ใช่","ใช่","ใช่","ใช่","ใช่","ไม่ใช่","ใช่","ไม่ใช่","ใช่","ใช่","ใช่","ใช่","ใช่","ใช่","ใช่","ไม่ใช่","ใช่","ไม่ใช่","ไม่ใช่","ไม่ใช่","ใช่","ใช่","ไม่ใช่","ใช่","ใช่","ใช่","ใช่"
"2566/02/22 5:17:01 หลังเที่ยง GMT+7","Strategy","ใช่","ใช่","ไม่ใช่","ใช่","ใช่","ไม่ใช่","ไม่ใช่","ใช่","ไม่ใช่","ไม่ใช่","ใช่","ใช่","ใช่","ใช่","ไม่ใช่","ใช่","ใช่","ใช่","ใช่","ใช่","ใช่","ใช่","ไม่ใช่","ไม่ใช่","ใช่","ใช่","ใช่","ใช่","ใช่"
"2566/02/22 5:20:47 หลังเที่ยง GMT+7","Strategy","ใช่","ใช่","ใช่","ใช่","ไม่ใช่","ไม่ใช่","ใช่","ไม่ใช่","ใช่","ใช่","ใช่","ใช่","ใช่","ใช่","ไม่ใช่","ใช่","ใช่","ไม่ใช่","ใช่","ใช่","ใช่","ไม่ใช่","ไม่ใช่","ใช่","ใช่","ไม่ใช่","ใช่","ใช่","ใช่"
"2566/02/22 6:32:42 หลังเที่ยง GMT+7","Advanture","ใช่","ใช่","ใช่","ใช่","ไม่ใช่","ไม่ใช่","ใช่","ไม่ใช่","ไม่ใช่","ไม่ใช่","ใช่","ใช่","ใช่","ใช่","ไม่ใช่","ใช่","ใช่","ไม่ใช่","ใช่","ใช่","ไม่ใช่","ไม่ใช่","ใช่","ใช่","ใช่","ไม่ใช่","ใช่","ใช่","ไม่ใช่"
"2566/02/22 6:33:15 หลังเที่ยง GMT+7","Strategy","ใช่","ไม่ใช่","ใช่","ใช่","ใช่","ไม่ใช่","ใช่","ไม่ใช่","ไม่ใช่","ไม่ใช่","ใช่","ใช่","ใช่","ไม่ใช่","ไม่ใช่","ใช่","ไม่ใช่","ไม่ใช่","ไม่ใช่","ไม่ใช่","ไม่ใช่","ไม่ใช่","ไม่ใช่","ไม่ใช่","ใช่","ไม่ใช่","ใช่","ใช่","ไม่ใช่"
"2566/02/22 6:35:13 หลังเที่ยง GMT+7","Fighting","ไม่ใช่","ใช่","ใช่","ใช่","ไม่ใช่","ใช่","ใช่","ใช่","ใช่","ใช่","ใช่","ใช่","ใช่","ใช่","ใช่","ใช่","ใช่","ไม่ใช่","ใช่","ไม่ใช่","ใช่","ใช่","ใช่","ไม่ใช่","ใช่","ไม่ใช่","ใช่","ใช่","ใช่"
"2566/02/22 6:37:48 หลังเที่ยง GMT+7","Fighting","ใช่","ใช่","ใช่","ใช่","ไม่ใช่","ไม่ใช่","ใช่","ไม่ใช่","ไม่ใช่","ใช่","ไม่ใช่","ใช่","ใช่","ใช่","ใช่","ใช่","ใช่","ไม่ใช่","ใช่","ไม่ใช่","ใช่","ไม่ใช่","ใช่","ใช่","ใช่","ใช่","ใช่","ใช่","ไม่ใช่"
"2566/02/22 6:43:27 หลังเที่ยง GMT+7","Fighting","ไม่ใช่","ใช่","ใช่","ใช่","ไม่ใช่","ใช่","ไม่ใช่","ไม่ใช่","ใช่","ใช่","ใช่","ใช่","ใช่","ใช่","ใช่","ใช่","ใช่","ไม่ใช่","ใช่","ใช่","ไม่ใช่","ไม่ใช่","ใช่","ใช่","ไม่ใช่","ใช่","ไม่ใช่","ใช่","ไม่ใช่"
"2566/02/22 8:12:29 หลังเที่ยง GMT+7","Fighting","ใช่","ไม่ใช่","ใช่","ใช่","ใช่","ไม่ใช่","ใช่","ไม่ใช่","ไม่ใช่","ไม่ใช่","ใช่","ใช่","ใช่","ไม่ใช่","ใช่","ใช่","ใช่","ไม่ใช่","ใช่","ใช่","ใช่","ใช่","ใช่","ใช่","ใช่","ไม่ใช่","ใช่","ใช่","ไม่ใช่"
"2566/02/22 9:56:05 หลังเที่ยง GMT+7","Fighting","ใช่","ไม่ใช่","ใช่","ใช่","ไม่ใช่","ไม่ใช่","ใช่","ไม่ใช่","ไม่ใช่","ใช่","ไม่ใช่","ใช่","ใช่","ใช่","ไม่ใช่","ใช่","ใช่","ไม่ใช่","ใช่","ใช่","ไม่ใช่","ไม่ใช่","ใช่","ใช่","ใช่","ไม่ใช่","ใช่","ใช่","ไม่ใช่"
"2566/02/23 12:47:15 หลังเที่ยง GMT+7","Advanture","ไม่ใช่","ไม่ใช่","ไม่ใช่","ใช่","ใช่","ใช่","ใช่","ไม่ใช่","ใช่","ใช่","ไม่ใช่","ใช่","ใช่","ใช่","ไม่ใช่","ไม่ใช่","ใช่","ไม่ใช่","ใช่","ใช่","ใช่","ใช่","ใช่","ใช่","ไม่ใช่","ไม่ใช่","ใช่","ใช่","ไม่ใช่"
"2566/02/23 12:47:50 หลังเที่ยง GMT+7","Action","ใช่","ใช่","ใช่","ใช่","ไม่ใช่","ใช่","ใช่","ใช่","ใช่","ไม่ใช่","ใช่","ใช่","ใช่","ใช่","ไม่ใช่","ใช่","ไม่ใช่","ใช่","ใช่","ใช่","ใช่","ไม่ใช่","ไม่ใช่","ไม่ใช่","ใช่","ใช่","ใช่","ใช่","ไม่ใช่"
"2566/02/23 12:48:37 หลังเที่ยง GMT+7","Sport","ไม่ใช่","ใช่","ใช่","ใช่","ใช่","ไม่ใช่","ใช่","ไม่ใช่","ใช่","ไม่ใช่","ใช่","ใช่","ใช่","ใช่","ไม่ใช่","ใช่","ไม่ใช่","ไม่ใช่","ใช่","ใช่","ใช่","ใช่","ใช่","ใช่","ใช่","ไม่ใช่","ใช่","ใช่","ไม่ใช่"
"2566/02/23 12:49:17 หลังเที่ยง GMT+7","Fighting","ไม่ใช่","ไม่ใช่","ใช่","ใช่","ใช่","ไม่ใช่","ไม่ใช่","ไม่ใช่","ไม่ใช่","ใช่","ใช่","ใช่","ใช่","ใช่","ไม่ใช่","ไม่ใช่","ใช่","ใช่","ไม่ใช่","ไม่ใช่","ไม่ใช่","ไม่ใช่","ไม่ใช่","ใช่","ใช่","ใช่","ใช่","ใช่","ใช่"
"2566/02/23 12:50:46 หลังเที่ยง GMT+7","Sport","ใช่","ไม่ใช่","ไม่ใช่","ใช่","ไม่ใช่","ไม่ใช่","ใช่","ไม่ใช่","ใช่","ไม่ใช่","ใช่","ไม่ใช่","ไม่ใช่","ไม่ใช่","ไม่ใช่","ใช่","ไม่ใช่","ไม่ใช่","ใช่","ใช่","ใช่","ไม่ใช่","ใช่","ใช่","ไม่ใช่","ใช่","ใช่","ใช่","ไม่ใช่"
"2566/02/23 12:51:07 หลังเที่ยง GMT+7","Sport","ใช่","ใช่","ใช่","ใช่","ใช่","ใช่","ใช่","ใช่","ใช่","ใช่","ใช่","ใช่","ใช่","ใช่","ไม่ใช่","ใช่","ใช่","ใช่","ใช่","ใช่","ใช่","ใช่","ใช่","ใช่","ใช่","ใช่","ใช่","ใช่","ใช่"
"2566/02/23 12:52:01 หลังเที่ยง GMT+7","Simulation","ใช่","ใช่","ใช่","ใช่","ใช่","ใช่","ใช่","ไม่ใช่","ใช่","ใช่","ไม่ใช่","ใช่","ใช่","ใช่","ใช่","ใช่","ใช่","ใช่","ใช่","ใช่","ใช่","ไม่ใช่","ใช่","ไม่ใช่","ใช่","ใช่","ใช่","ใช่","ใช่"
"2566/02/23 12:53:57 หลังเที่ยง GMT+7","Advanture","ใช่","ใช่","ไม่ใช่","ใช่","ใช่","ใช่","ใช่","ไม่ใช่","ใช่","ไม่ใช่","ใช่","ใช่","ไม่ใช่","ไม่ใช่","ใช่","ใช่","ใช่","ไม่ใช่","ใช่","ใช่","ใช่","ไม่ใช่","ใช่","ใช่","ใช่","ใช่","ใช่","ใช่","ไม่ใช่"
"2566/02/23 12:54:24 หลังเที่ยง GMT+7","Action","ใช่","ไม่ใช่","ใช่","ใช่","ใช่","ไม่ใช่","ไม่ใช่","ไม่ใช่","ใช่","ไม่ใช่","ไม่ใช่","ใช่","ใช่","ใช่","ใช่","ใช่","ใช่","ไม่ใช่","ใช่","ใช่","ใช่","ใช่","ใช่","ใช่","ใช่","ไม่ใช่","ใช่","ใช่","ใช่"
"2566/02/23 12:54:32 หลังเที่ยง GMT+7","Sport","ไม่ใช่","ใช่","ใช่","ใช่","ใช่","ไม่ใช่","ใช่","ใช่","ใช่","ใช่","ใช่","ใช่","ใช่","ใช่","ใช่","ใช่","ใช่","ไม่ใช่","ใช่","ใช่","ใช่","ใช่","ใช่","ไม่ใช่","ใช่","ใช่","ใช่","ใช่","ใช่"
"2566/02/23 12:56:58 หลังเที่ยง GMT+7","Sport","ไม่ใช่","ใช่","ใช่","ใช่","ไม่ใช่","ใช่","ไม่ใช่","ไม่ใช่","ใช่","ไม่ใช่","ไม่ใช่","ไม่ใช่","ใช่","ใช่","ไม่ใช่","ใช่","ไม่ใช่","ไม่ใช่","ไม่ใช่","ไม่ใช่","ไม่ใช่","ไม่ใช่","ใช่","ใช่","ไม่ใช่","ไม่ใช่","ไม่ใช่","ไม่ใช่","ใช่"
"2566/02/23 12:57:25 หลังเที่ยง GMT+7","Fighting","ไม่ใช่","ใช่","ใช่","ใช่","ใช่","ใช่","ใช่","ใช่","ใช่","ไม่ใช่","ใช่","ไม่ใช่","ใช่","ไม่ใช่","ใช่","ไม่ใช่","ไม่ใช่","ใช่","ใช่","ใช่","ไม่ใช่","ไม่ใช่","ใช่","ไม่ใช่","ใช่","ใช่","ไม่ใช่","ไม่ใช่","ไม่ใช่"
"2566/02/23 12:57:58 หลังเที่ยง GMT+7","Fighting","ไม่ใช่","ไม่ใช่","ใช่","ใช่","ใช่","ใช่","ใช่","ไม่ใช่","ใช่","ไม่ใช่","ไม่ใช่","ใช่","ใช่","ใช่","ไม่ใช่","ใช่","ใช่","ไม่ใช่","ใช่","ไม่ใช่","ใช่","ใช่","ใช่","ใช่","ใช่","ไม่ใช่","ใช่","ใช่","ไม่ใช่"
"2566/02/23 12:58:22 หลังเที่ยง GMT+7","Fighting","ไม่ใช่","ใช่","ใช่","ใช่","ใช่","ใช่","ใช่","ไม่ใช่","ใช่","ไม่ใช่","ไม่ใช่","ใช่","ใช่","ใช่","ไม่ใช่","ใช่","ใช่","ใช่","ใช่","ไม่ใช่","ใช่","ใช่","ใช่","ใช่","ใช่","ไม่ใช่","ใช่","ใช่","ไม่ใช่"
"2566/02/23 12:59:35 หลังเที่ยง GMT+7","Sport","ไม่ใช่","ไม่ใช่","ใช่","ใช่","ไม่ใช่","ไม่ใช่","ใช่","ใช่","ไม่ใช่","ใช่","ใช่","ใช่","ใช่","ใช่","ไม่ใช่","ใช่","ใช่","ใช่","ใช่","ใช่","ใช่","ไม่ใช่","ใช่","ใช่","ไม่ใช่","ไม่ใช่","ใช่","ใช่","ไม่ใช่"
"2566/02/23 12:59:43 หลังเที่ยง GMT+7","Sport","ไม่ใช่","ใช่","ไม่ใช่","ใช่","ใช่","ใช่","ใช่","ไม่ใช่","ใช่","ไม่ใช่","ไม่ใช่","ไม่ใช่","ไม่ใช่","ไม่ใช่","ไม่ใช่","ไม่ใช่","ไม่ใช่","ไม่ใช่","ใช่","ใช่","ใช่","ไม่ใช่","ใช่","ใช่","ไม่ใช่","ไม่ใช่","ใช่","ใช่","ใช่"
"2566/02/23 12:59:46 หลังเที่ยง GMT+7","Sport","ไม่ใช่","ไม่ใช่","ไม่ใช่","ใช่","ไม่ใช่","ไม่ใช่","ไม่ใช่","ไม่ใช่","ไม่ใช่","ไม่ใช่","ไม่ใช่","ไม่ใช่","ไม่ใช่","ไม่ใช่","ไม่ใช่","ไม่ใช่","ใช่","ไม่ใช่","ใช่","ไม่ใช่","ไม่ใช่","ไม่ใช่","ใช่","ไม่ใช่","ไม่ใช่","ไม่ใช่","ใช่","ใช่","ใช่"
"2566/02/23 1:00:01 หลังเที่ยง GMT+7","Fighting","ใช่","ไม่ใช่","ใช่","ใช่","ไม่ใช่","ใช่","ใช่","ใช่","ไม่ใช่","ใช่","ใช่","ใช่","ใช่","ใช่","ไม่ใช่","ใช่","ไม่ใช่","ไม่ใช่","ใช่","ใช่","ใช่","ใช่","ไม่ใช่","ใช่","ใช่","ไม่ใช่","ใช่","ใช่","ไม่ใช่"
"2566/02/23 1:00:23 หลังเที่ยง GMT+7","Action","ไม่ใช่","ไม่ใช่","ใช่","ใช่","ใช่","ไม่ใช่","ใช่","ไม่ใช่","ไม่ใช่","ไม่ใช่","ใช่","ใช่","ใช่","ใช่","ใช่","ใช่","ใช่","ใช่","ใช่","ใช่","ใช่","ใช่","ไม่ใช่","ไม่ใช่","ใช่","ไม่ใช่","ใช่","ใช่","ใช่"
"2566/02/23 1:00:36 หลังเที่ยง GMT+7","Fighting","ไม่ใช่","ไม่ใช่","ใช่","ใช่","ใช่","ไม่ใช่","ไม่ใช่","ไม่ใช่","ไม่ใช่","ใช่","ไม่ใช่","ใช่","ไม่ใช่","ใช่","ไม่ใช่","ใช่","ใช่","ไม่ใช่","ใช่","ไม่ใช่","ใช่","ไม่ใช่","ใช่","ใช่","ใช่","ไม่ใช่","ใช่","ใช่","ไม่ใช่"
"2566/02/23 1:01:07 หลังเที่ยง GMT+7","Fighting","ใช่","ไม่ใช่","ใช่","ใช่","ไม่ใช่","ไม่ใช่","ใช่","ไม่ใช่","ใช่","ใช่","ไม่ใช่","ใช่","ใช่","ใช่","ไม่ใช่","ใช่","ใช่","ไม่ใช่","ไม่ใช่","ใช่","ใช่","ไม่ใช่","ไม่ใช่","ใช่","ใช่","ใช่","ใช่","ใช่","ไม่ใช่"
"2566/02/23 1:01:40 หลังเที่ยง GMT+7","Puzzle","ใช่","ไม่ใช่","ใช่","ใช่","ใช่","ไม่ใช่","ใช่","ไม่ใช่","ใช่","ใช่","ใช่","ไม่ใช่","ใช่","ใช่","ไม่ใช่","ใช่","ใช่","ไม่ใช่","ใช่","ใช่","ไม่ใช่","ใช่","ไม่ใช่","ใช่","ใช่","ไม่ใช่","ใช่","ใช่","ไม่ใช่"
"2566/02/23 1:02:37 หลังเที่ยง GMT+7","Fighting","ใช่","ใช่","ใช่","ใช่","ใช่","ใช่","ใช่","ใช่","ใช่","ไม่ใช่","ใช่","ใช่","ใช่","ใช่","ใช่","ใช่","ไม่ใช่","ใช่","ใช่","ใช่","ไม่ใช่","ใช่","ไม่ใช่","ไม่ใช่","ใช่","ใช่","ใช่","ใช่","ใช่"
"2566/02/23 1:04:06 หลังเที่ยง GMT+7","Sport","ไม่ใช่","ใช่","ไม่ใช่","ใช่","ไม่ใช่","ไม่ใช่","ไม่ใช่","ไม่ใช่","ไม่ใช่","ไม่ใช่","ไม่ใช่","ไม่ใช่","ไม่ใช่","ไม่ใช่","ไม่ใช่","ไม่ใช่","ใช่","ไม่ใช่","ไม่ใช่","ไม่ใช่","ไม่ใช่","ไม่ใช่","ใช่","ใช่","ไม่ใช่","ไม่ใช่","ใช่","ใช่","ใช่"
"2566/02/23 1:04:08 หลังเที่ยง GMT+7","Sport","ไม่ใช่","ใช่","ใช่","ใช่","ใช่","ไม่ใช่","ใช่","ไม่ใช่","ใช่","ใช่","ไม่ใช่","ใช่","ใช่","ใช่","ใช่","ไม่ใช่","ใช่","ไม่ใช่","ใช่","ใช่","ไม่ใช่","ใช่","ใช่","ใช่","ใช่","ใช่","ใช่","ใช่","ใช่"
"2566/02/23 1:06:22 หลังเที่ยง GMT+7","Action","ไม่ใช่","ใช่","ใช่","ใช่","ใช่","ใช่","ใช่","ไม่ใช่","ใช่","ไม่ใช่","ใช่","ใช่","ใช่","ใช่","ใช่","ใช่","ใช่","ใช่","ใช่","ใช่","ไม่ใช่","ใช่","ใช่","ใช่","ใช่","ไม่ใช่","ใช่","ใช่","ใช่"
"2566/02/23 1:06:27 หลังเที่ยง GMT+7","Sport","ใช่","ใช่","ใช่","ใช่","ใช่","ใช่","ใช่","ใช่","ใช่","ใช่","ใช่","ใช่","ใช่","ใช่","ไม่ใช่","ไม่ใช่","ไม่ใช่","ใช่","ใช่","ใช่","ใช่","ไม่ใช่","ใช่","ไม่ใช่","ใช่","ใช่","ใช่","ใช่","ไม่ใช่"
"2566/02/23 1:07:35 หลังเที่ยง GMT+7","Sport","ใช่","ใช่","ใช่","ใช่","ใช่","ใช่","ใช่","ใช่","ใช่","ใช่","ใช่","ใช่","ใช่","ใช่","ไม่ใช่","ใช่","ใช่","ไม่ใช่","ใช่","ใช่","ไม่ใช่","ไม่ใช่","ใช่","ไม่ใช่","ใช่","ไม่ใช่","ใช่","ใช่","ใช่"
"2566/02/23 1:09:25 หลังเที่ยง GMT+7","Sport","ใช่","ใช่","ใช่","ใช่","ใช่","ใช่","ใช่","ใช่","ใช่","ไม่ใช่","ใช่","ไม่ใช่","ใช่","ใช่","ใช่","ใช่","ใช่","ใช่","ใช่","ใช่","ไม่ใช่","ไม่ใช่","ใช่","ใช่","ใช่","ใช่","ใช่","ใช่","ใช่"
"2566/02/23 1:09:32 หลังเที่ยง GMT+7","Sport","ใช่","ใช่","ใช่","ใช่","ใช่","ใช่","ใช่","ใช่","ใช่","ใช่","ใช่","ใช่","ไม่ใช่","ใช่","ใช่","ใช่","ใช่","ใช่","ใช่","ใช่","ไม่ใช่","ใช่","ใช่","ใช่","ใช่","ใช่","ใช่","ใช่","ใช่"
"2566/02/23 1:12:23 หลังเที่ยง GMT+7","Fighting","ใช่","ใช่","ใช่","ใช่","ใช่","ใช่","ใช่","ใช่","ใช่","ใช่","ใช่","ใช่","ใช่","ใช่","ใช่","ใช่","ใช่","ใช่","ใช่","ใช่","ไม่ใช่","ใช่","ไม่ใช่","ใช่","ใช่","ใช่","ใช่","ใช่","ใช่"
"2566/02/23 1:26:06 หลังเที่ยง GMT+7","Puzzle","ไม่ใช่","ใช่","ใช่","ใช่","ใช่","ไม่ใช่","ใช่","ไม่ใช่","ไม่ใช่","ใช่","ใช่","ใช่","ใช่","ไม่ใช่","ใช่","ใช่","ใช่","ไม่ใช่","ใช่","ไม่ใช่","ไม่ใช่","ใช่","ใช่","ใช่","ใช่","ไม่ใช่","ใช่","ใช่","ใช่"
"2566/02/23 1:36:27 หลังเที่ยง GMT+7","Sport","ไม่ใช่","ไม่ใช่","ใช่","ใช่","ใช่","ใช่","ใช่","ไม่ใช่","ใช่","ไม่ใช่","ไม่ใช่","ใช่","ใช่","ใช่","ใช่","ใช่","ใช่","ไม่ใช่","ใช่","ใช่","ใช่","ใช่","ไม่ใช่","ใช่","ใช่","ไม่ใช่","ใช่","ใช่","ไม่ใช่"
"2566/02/23 1:40:32 หลังเที่ยง GMT+7","Fighting","ใช่","ใช่","ใช่","ใช่","ใช่","ใช่","ใช่","ไม่ใช่","ใช่","ใช่","ใช่","ใช่","ใช่","ใช่","ใช่","ใช่","ใช่","ใช่","ใช่","ใช่","ใช่","ใช่","ใช่","ใช่","ใช่","ใช่","ใช่","ใช่","ใช่"
"2566/02/23 1:47:53 หลังเที่ยง GMT+7","Fighting","ใช่","ใช่","ใช่","ใช่","ใช่","ใช่","ใช่","ใช่","ใช่","ใช่","ใช่","ใช่","ใช่","ใช่","ใช่","ใช่","ไม่ใช่","ใช่","ใช่","ใช่","ไม่ใช่","ไม่ใช่","ไม่ใช่","ใช่","ใช่","ใช่","ใช่","ใช่","ใช่"
"2566/02/23 2:11:21 หลังเที่ยง GMT+7","RPG","ใช่","ใช่","ใช่","ใช่","ไม่ใช่","ใช่","ใช่","ไม่ใช่","ไม่ใช่","ไม่ใช่","ใช่","ใช่","ใช่","ใช่","ใช่","ใช่","ไม่ใช่","ใช่","ใช่","ใช่","ใช่","ไม่ใช่","ไม่ใช่","ใช่","ใช่","ใช่","ใช่","ใช่","ใช่"
"2566/02/23 2:11:56 หลังเที่ยง GMT+7","RPG","ใช่","ใช่","ใช่","ไม่ใช่","ไม่ใช่","ใช่","ใช่","ไม่ใช่","ใช่","ไม่ใช่","ไม่ใช่","ไม่ใช่","ใช่","ใช่","ใช่","ใช่","ไม่ใช่","ไม่ใช่","ใช่","ใช่","ใช่","ใช่","ไม่ใช่","ใช่","ใช่","ใช่","ใช่","ใช่","ใช่"
"2566/02/23 2:23:22 หลังเที่ยง GMT+7","Advanture","ใช่","ไม่ใช่","ใช่","ใช่","ใช่","ใช่","ไม่ใช่","ไม่ใช่","ใช่","ไม่ใช่","ใช่","ใช่","ใช่","ใช่","ไม่ใช่","ใช่","ใช่","ใช่","ใช่","ไม่ใช่","ไม่ใช่","ใช่","ใช่","ใช่","ใช่","ใช่","ใช่","ใช่","ไม่ใช่"
"2566/02/23 2:30:50 หลังเที่ยง GMT+7","Advanture","ใช่","ใช่","ใช่","ใช่","ใช่","ไม่ใช่","ใช่","ใช่","ใช่","ใช่","ใช่","ใช่","ใช่","ใช่","ไม่ใช่","ใช่","ใช่","ไม่ใช่","ใช่","ใช่","ใช่","ใช่","ใช่","ใช่","ใช่","ไม่ใช่","ใช่","ใช่","ไม่ใช่"
"2566/02/23 2:44:31 หลังเที่ยง GMT+7","Fighting","ไม่ใช่","ไม่ใช่","ไม่ใช่","ใช่","ใช่","ไม่ใช่","ไม่ใช่","ไม่ใช่","ใช่","ไม่ใช่","ไม่ใช่","ใช่","ไม่ใช่","ไม่ใช่","ไม่ใช่","ไม่ใช่","ไม่ใช่","ไม่ใช่","ใช่","ไม่ใช่","ไม่ใช่","ไม่ใช่","ใช่","ใช่","ใช่","ไม่ใช่","ใช่","ใช่","ใช่"
"2566/02/23 3:37:30 หลังเที่ยง GMT+7","Fighting","ใช่","ใช่","ใช่","ใช่","ใช่","ไม่ใช่","ใช่","ไม่ใช่","ไม่ใช่","ใช่","ใช่","ใช่","ใช่","ใช่","ไม่ใช่","ใช่","ใช่","ใช่","ใช่","ใช่","ใช่","ใช่","ไม่ใช่","ใช่","ไม่ใช่","ใช่","ใช่","ใช่","ใช่"
"2566/02/23 4:21:21 หลังเที่ยง GMT+7","Fighting","ใช่","ไม่ใช่","ไม่ใช่","ใช่","ใช่","ใช่","ใช่","ไม่ใช่","ไม่ใช่","ใช่","ใช่","ไม่ใช่","ใช่","ใช่","ใช่","ใช่","ใช่","ใช่","ใช่","ใช่","ใช่","ไม่ใช่","ใช่","ไม่ใช่","ใช่","ไม่ใช่","ใช่","ใช่","ใช่"
"2566/02/23 4:42:41 หลังเที่ยง GMT+7","Action","ไม่ใช่","ใช่","ใช่","ใช่","ใช่","ใช่","ใช่","ไม่ใช่","ใช่","ใช่","ใช่","ใช่","ใช่","ใช่","ไม่ใช่","ไม่ใช่","ไม่ใช่","ไม่ใช่","ใช่","ใช่","ไม่ใช่","ใช่","ไม่ใช่","ใช่","ใช่","ไม่ใช่","ใช่","ใช่","ไม่ใช่"
"2566/02/23 5:03:29 หลังเที่ยง GMT+7","Strategy","ไม่ใช่","ใช่","ไม่ใช่","ใช่","ไม่ใช่","ใช่","ไม่ใช่","ไม่ใช่","ใช่","ใช่","ไม่ใช่","ใช่","ไม่ใช่","ไม่ใช่","ไม่ใช่","ใช่","ใช่","ใช่","ใช่","ไม่ใช่","ไม่ใช่","ไม่ใช่","ใช่","ใช่","ใช่","ไม่ใช่","ใช่","ไม่ใช่","ไม่ใช่"
"2566/02/23 5:20:39 หลังเที่ยง GMT+7","Action","ไม่ใช่","ไม่ใช่","ใช่","ใช่","ใช่","ไม่ใช่","ใช่","ไม่ใช่","ใช่","ไม่ใช่","ใช่","ใช่","ใช่","ใช่","ใช่","ไม่ใช่","ใช่","ใช่","ไม่ใช่","ไม่ใช่","ใช่","ใช่","ใช่","ไม่ใช่","ใช่","ไม่ใช่","ใช่","ใช่","ใช่"
"2566/02/23 5:53:32 หลังเที่ยง GMT+7","Advanture","ใช่","ไม่ใช่","ใช่","ใช่","ไม่ใช่","ไม่ใช่","ไม่ใช่","ไม่ใช่","ไม่ใช่","ใช่","ใช่","ใช่","ไม่ใช่","ไม่ใช่","ใช่","ใช่","ใช่","ใช่","ใช่","ใช่","ใช่","ไม่ใช่","ใช่","ใช่","ใช่","ไม่ใช่","ใช่","ใช่","ไม่ใช่"
"2566/02/23 7:35:14 หลังเที่ยง GMT+7","Sport","ใช่","ไม่ใช่","ใช่","ใช่","ไม่ใช่","ใช่","ใช่","ไม่ใช่","ใช่","ใช่","ใช่","ใช่","ใช่","ใช่","ไม่ใช่","ใช่","ไม่ใช่","ไม่ใช่","ใช่","ใช่","ใช่","ไม่ใช่","ไม่ใช่","ไม่ใช่","ใช่","ใช่","ใช่","ใช่","ไม่ใช่"
"2566/02/23 7:50:25 หลังเที่ยง GMT+7","RPG","ใช่","ใช่","ใช่","ใช่","ใช่","ใช่","ใช่","ไม่ใช่","ใช่","ไม่ใช่","ใช่","ใช่","ไม่ใช่","ใช่","ใช่","ใช่","ไม่ใช่","ใช่","ใช่","ไม่ใช่","ใช่","ใช่","ใช่","ไม่ใช่","ใช่","ใช่","ใช่","ใช่","ไม่ใช่"
"2566/02/23 7:52:32 หลังเที่ยง GMT+7","Sport","ใช่","ใช่","ใช่","ใช่","ใช่","ใช่","ใช่","ใช่","ใช่","ใช่","ใช่","ใช่","ใช่","ใช่","ใช่","ใช่","ใช่","ใช่","ใช่","ใช่","ใช่","ไม่ใช่","ใช่","ใช่","ใช่","ใช่","ใช่","ใช่","ใช่"
"2566/02/23 7:52:59 หลังเที่ยง GMT+7","RPG","ใช่","ใช่","ใช่","ใช่","ใช่","ใช่","ใช่","ใช่","ใช่","ไม่ใช่","ใช่","ใช่","ใช่","ใช่","ใช่","ใช่","ใช่","ใช่","ใช่","ใช่","ใช่","ใช่","ใช่","ใช่","ใช่","ไม่ใช่","ใช่","ใช่","ใช่"
"2566/02/23 7:54:53 หลังเที่ยง GMT+7","Fighting","ใช่","ใช่","ใช่","ใช่","ใช่","ไม่ใช่","ใช่","ไม่ใช่","ใช่","ใช่","ใช่","ใช่","ใช่","ใช่","ไม่ใช่","ใช่","ใช่","ไม่ใช่","ใช่","ใช่","ใช่","ใช่","ใช่","ใช่","ใช่","ไม่ใช่","ใช่","ใช่","ใช่"
"2566/02/23 7:55:56 หลังเที่ยง GMT+7","Advanture","ใช่","ใช่","ใช่","ใช่","ใช่","ใช่","ไม่ใช่","ไม่ใช่","ใช่","ไม่ใช่","ใช่","ใช่","ใช่","ไม่ใช่","ใช่","ใช่","ใช่","ไม่ใช่","ใช่","ใช่","ไม่ใช่","ไม่ใช่","ใช่","ใช่","ไม่ใช่","ใช่","ใช่","ใช่","ไม่ใช่"
"2566/02/23 7:56:14 หลังเที่ยง GMT+7","RPG","ใช่","ใช่","ไม่ใช่","ใช่","ใช่","ใช่","ใช่","ไม่ใช่","ใช่","ใช่","ใช่","ใช่","ใช่","ใช่","ไม่ใช่","ใช่","ไม่ใช่","ไม่ใช่","ใช่","ใช่","ไม่ใช่","ไม่ใช่","ใช่","ใช่","ใช่","ใช่","ใช่","ใช่","ไม่ใช่"
"2566/02/23 7:57:53 หลังเที่ยง GMT+7","RPG","ไม่ใช่","ใช่","ใช่","ใช่","ไม่ใช่","ใช่","ใช่","ไม่ใช่","ใช่","ไม่ใช่","ไม่ใช่","ใช่","ใช่","ใช่","ไม่ใช่","ใช่","ใช่","ใช่","ใช่","ใช่","ไม่ใช่","ใช่","ใช่","ไม่ใช่","ใช่","ใช่","ใช่","ใช่","ใช่"
"2566/02/23 7:57:54 หลังเที่ยง GMT+7","Puzzle","ใช่","ใช่","ไม่ใช่","ใช่","ใช่","ไม่ใช่","ไม่ใช่","ใช่","ไม่ใช่","ใช่","ใช่","ใช่","ไม่ใช่","ใช่","ไม่ใช่","ใช่","ไม่ใช่","ใช่","ใช่","ไม่ใช่","ไม่ใช่","ใช่","ไม่ใช่","ใช่","ใช่","ไม่ใช่","ใช่","ใช่","ไม่ใช่"
"2566/02/23 7:58:17 หลังเที่ยง GMT+7","RPG","ไม่ใช่","ใช่","ใช่","ใช่","ใช่","ไม่ใช่","ใช่","ไม่ใช่","ใช่","ใช่","ใช่","ใช่","ใช่","ไม่ใช่","ใช่","ใช่","ใช่","ใช่","ใช่","ใช่","ไม่ใช่","ใช่","ใช่","ใช่","ใช่","ไม่ใช่","ไม่ใช่","ใช่","ใช่"
"2566/02/23 7:58:23 หลังเที่ยง GMT+7","Fighting","ใช่","ใช่","ใช่","ใช่","ใช่","ใช่","ใช่","ใช่","ใช่","ใช่","ใช่","ใช่","ใช่","ใช่","ไม่ใช่","ใช่","ใช่","ไม่ใช่","ใช่","ใช่","ใช่","ใช่","ใช่","ใช่","ไม่ใช่","ใช่","ใช่","ใช่","ใช่"
"2566/02/23 7:58:37 หลังเที่ยง GMT+7","Sport","ไม่ใช่","ใช่","ไม่ใช่","ใช่","ไม่ใช่","ใช่","ไม่ใช่","ใช่","ไม่ใช่","ใช่","ใช่","ใช่","ใช่","ไม่ใช่","ไม่ใช่","ไม่ใช่","ไม่ใช่","ใช่","ใช่","ไม่ใช่","ไม่ใช่","ใช่","ไม่ใช่","ใช่","ไม่ใช่","ไม่ใช่","ใช่","ใช่","ไม่ใช่"
"2566/02/23 7:58:43 หลังเที่ยง GMT+7","Strategy","ใช่","ใช่","ใช่","ใช่","ใช่","ใช่","ไม่ใช่","ไม่ใช่","ใช่","ไม่ใช่","ไม่ใช่","ไม่ใช่","ใช่","ใช่","ใช่","ไม่ใช่","ใช่","ใช่","ใช่","ไม่ใช่","ไม่ใช่","ใช่","ใช่","ใช่","ใช่","ใช่","ใช่","ใช่","ใช่"
"2566/02/23 7:58:46 หลังเที่ยง GMT+7","Simulation","ไม่ใช่","ไม่ใช่","ใช่","ใช่","ใช่","ไม่ใช่","ใช่","ไม่ใช่","ไม่ใช่","ไม่ใช่","ไม่ใช่","ใช่","ใช่","ใช่","ใช่","ใช่","ใช่","ไม่ใช่","ใช่","ไม่ใช่","ใช่","ใช่","ไม่ใช่","ใช่","ใช่","ไม่ใช่","ใช่","ใช่","ไม่ใช่"
"2566/02/23 7:59:34 หลังเที่ยง GMT+7","Fighting","ใช่","ใช่","ใช่","ใช่","ใช่","ใช่","ใช่","ใช่","ใช่","ใช่","ใช่","ใช่","ใช่","ใช่","ใช่","ใช่","ใช่","ใช่","ใช่","ใช่","ใช่","ใช่","ใช่","ไม่ใช่","ใช่","ใช่","ใช่","ใช่","ใช่"
"2566/02/23 7:59:40 หลังเที่ยง GMT+7","Fighting","ใช่","ใช่","ใช่","ใช่","ใช่","ไม่ใช่","ใช่","ไม่ใช่","ใช่","ไม่ใช่","ใช่","ใช่","ใช่","ใช่","ไม่ใช่","ใช่","ใช่","ใช่","ใช่","ใช่","ใช่","ใช่","ไม่ใช่","ใช่","ใช่","ใช่","ใช่","ใช่","ใช่"
"2566/02/23 8:00:00 หลังเที่ยง GMT+7","Action","ไม่ใช่","ใช่","ใช่","ใช่","ใช่","ใช่","ใช่","ไม่ใช่","ใช่","ไม่ใช่","ใช่","ใช่","ใช่","ใช่","ใช่","ใช่","ใช่","ใช่","ใช่","ใช่","ใช่","ใช่","ไม่ใช่","ใช่","ใช่","ใช่","ใช่","ใช่","ไม่ใช่"
"2566/02/23 8:00:16 หลังเที่ยง GMT+7","RPG","ใช่","ใช่","ใช่","ใช่","ใช่","ไม่ใช่","ใช่","ไม่ใช่","ไม่ใช่","ใช่","ใช่","ใช่","ใช่","ใช่","ไม่ใช่","ใช่","ไม่ใช่","ใช่","ใช่","ใช่","ใช่","ไม่ใช่","ไม่ใช่","ไม่ใช่","ใช่","ไม่ใช่","ใช่","ใช่","ใช่"
"2566/02/23 8:00:33 หลังเที่ยง GMT+7","Simulation","ใช่","ไม่ใช่","ใช่","ใช่","ไม่ใช่","ไม่ใช่","ใช่","ไม่ใช่","ไม่ใช่","ไม่ใช่","ไม่ใช่","ใช่","ใช่","ใช่","ไม่ใช่","ใช่","ใช่","ไม่ใช่","ใช่","ไม่ใช่","ใช่","ใช่","ไม่ใช่","ใช่","ใช่","ไม่ใช่","ใช่","ใช่","ไม่ใช่"
"2566/02/23 8:00:46 หลังเที่ยง GMT+7","Sport","ไม่ใช่","ไม่ใช่","ใช่","ใช่","ใช่","ไม่ใช่","ใช่","ไม่ใช่","ใช่","ใช่","ใช่","ใช่","ใช่","ใช่","ไม่ใช่","ใช่","ใช่","ใช่","ใช่","ใช่","ไม่ใช่","ใช่","ใช่","ใช่","ใช่","ไม่ใช่","ใช่","ใช่","ไม่ใช่"
"2566/02/23 8:01:09 หลังเที่ยง GMT+7","Action","ใช่","ใช่","ใช่","ใช่","ใช่","ใช่","ใช่","ใช่","ใช่","ไม่ใช่","ใช่","ใช่","ใช่","ใช่","ใช่","ใช่","ไม่ใช่","ใช่","ใช่","ใช่","ใช่","ใช่","ใช่","ไม่ใช่","ใช่","ใช่","ใช่","ใช่","ใช่"
"2566/02/23 8:01:17 หลังเที่ยง GMT+7","Fighting","ใช่","ใช่","ใช่","ใช่","ไม่ใช่","ใช่","ใช่","ใช่","ใช่","ไม่ใช่","ใช่","ใช่","ใช่","ใช่","ไม่ใช่","ใช่","ไม่ใช่","ไม่ใช่","ใช่","ใช่","ไม่ใช่","ใช่","ใช่","ใช่","ใช่","ใช่","ใช่","ใช่","ใช่"
"2566/02/23 8:01:59 หลังเที่ยง GMT+7","Simulation","ใช่","ใช่","ใช่","ใช่","ใช่","ใช่","ใช่","ใช่","ใช่","ใช่","ใช่","ใช่","ใช่","ใช่","ใช่","ใช่","ไม่ใช่","ใช่","ใช่","ใช่","ไม่ใช่","ใช่","ไม่ใช่","ไม่ใช่","ใช่","ใช่","ใช่","ใช่","ใช่"
"2566/02/23 8:02:22 หลังเที่ยง GMT+7","Fighting","ไม่ใช่","ใช่","ใช่","ใช่","ใช่","ไม่ใช่","ใช่","ไม่ใช่","ใช่","ไม่ใช่","ไม่ใช่","ใช่","ใช่","ไม่ใช่","ใช่","ใช่","ใช่","ไม่ใช่","ใช่","ใช่","ใช่","ไม่ใช่","ไม่ใช่","ใช่","ใช่","ไม่ใช่","ใช่","ใช่","ใช่"
"2566/02/23 8:02:32 หลังเที่ยง GMT+7","Sport","ใช่","ใช่","ใช่","ใช่","ใช่","ใช่","ใช่","ไม่ใช่","ใช่","ไม่ใช่","ใช่","ใช่","ใช่","ใช่","ใช่","ไม่ใช่","ใช่","ไม่ใช่","ใช่","ใช่","ใช่","ใช่","ใช่","ใช่","ใช่","ใช่","ใช่","ใช่","ไม่ใช่"
"2566/02/23 8:02:42 หลังเที่ยง GMT+7","Action","ใช่","ใช่","ใช่","ใช่","ใช่","ไม่ใช่","ใช่","ใช่","ใช่","ไม่ใช่","ใช่","ใช่","ใช่","ใช่","ไม่ใช่","ใช่","ใช่","ใช่","ใช่","ใช่","ไม่ใช่","ใช่","ใช่","ใช่","ใช่","ไม่ใช่","ใช่","ใช่","ไม่ใช่"
"2566/02/23 8:02:45 หลังเที่ยง GMT+7","Sport","ไม่ใช่","ใช่","ไม่ใช่","ใช่","ใช่","ไม่ใช่","ไม่ใช่","ใช่","ใช่","ใช่","ไม่ใช่","ไม่ใช่","ใช่","ใช่","ไม่ใช่","ใช่","ใช่","ใช่","ใช่","ใช่","ไม่ใช่","ไม่ใช่","ใช่","ใช่","ไม่ใช่","ใช่","ใช่","ไม่ใช่","ใช่"
"2566/02/23 8:03:33 หลังเที่ยง GMT+7","Action","ใช่","ใช่","ใช่","ใช่","ใช่","ใช่","ใช่","ใช่","ใช่","ใช่","ใช่","ใช่","ใช่","ใช่","ใช่","ใช่","ใช่","ไม่ใช่","ใช่","ใช่","ใช่","ใช่","ไม่ใช่","ไม่ใช่","ใช่","ใช่","ใช่","ใช่","ใช่"
"2566/02/23 8:03:53 หลังเที่ยง GMT+7","Simulation","ใช่","ใช่","ใช่","ใช่","ใช่","ใช่","ใช่","ใช่","ใช่","ใช่","ใช่","ใช่","ใช่","ใช่","ใช่","ใช่","ไม่ใช่","ใช่","ใช่","ใช่","ไม่ใช่","ใช่","ใช่","ไม่ใช่","ใช่","ใช่","ใช่","ใช่","ใช่"
"2566/02/23 8:04:30 หลังเที่ยง GMT+7","Sport","ไม่ใช่","ใช่","ใช่","ใช่","ใช่","ไม่ใช่","ใช่","ไม่ใช่","ใช่","ใช่","ใช่","ใช่","ใช่","ใช่","ไม่ใช่","ใช่","ใช่","ไม่ใช่","ใช่","ใช่","ใช่","ไม่ใช่","ใช่","ใช่","ใช่","ไม่ใช่","ใช่","ใช่","ใช่"
"2566/02/23 8:06:35 หลังเที่ยง GMT+7","Advanture","ไม่ใช่","ใช่","ไม่ใช่","ใช่","ใช่","ไม่ใช่","ใช่","ไม่ใช่","ไม่ใช่","ใช่","ไม่ใช่","ใช่","ใช่","ใช่","ไม่ใช่","ใช่","ใช่","ไม่ใช่","ไม่ใช่","ไม่ใช่","ไม่ใช่","ใช่","ไม่ใช่","ไม่ใช่","ใช่","ไม่ใช่","ใช่","ใช่","ใช่"
"2566/02/23 8:06:55 หลังเที่ยง GMT+7","Fighting","ไม่ใช่","ใช่","ใช่","ใช่","ใช่","ใช่","ใช่","ใช่","ใช่","ใช่","ใช่","ใช่","ใช่","ใช่","ใช่","ใช่","ใช่","ใช่","ใช่","ใช่","ใช่","ไม่ใช่","ใช่","ใช่","ใช่","ใช่","ใช่","ใช่","ใช่"
"2566/02/23 8:10:13 หลังเที่ยง GMT+7","Fighting","ใช่","ใช่","ใช่","ใช่","ใช่","ใช่","ใช่","ใช่","ใช่","ไม่ใช่","ใช่","ใช่","ใช่","ใช่","ใช่","ใช่","ใช่","ใช่","ใช่","ใช่","ไม่ใช่","ใช่","ไม่ใช่","ไม่ใช่","ใช่","ใช่","ใช่","ใช่","ใช่"
"2566/02/23 8:10:32 หลังเที่ยง GMT+7","RPG","ใช่","ใช่","ไม่ใช่","ใช่","ใช่","ใช่","ใช่","ใช่","ใช่","ไม่ใช่","ใช่","ไม่ใช่","ใช่","ใช่","ไม่ใช่","ใช่","ใช่","ไม่ใช่","ไม่ใช่","ใช่","ไม่ใช่","ใช่","ไม่ใช่","ใช่","ใช่","ใช่","ใช่","ใช่","ใช่"
"2566/02/23 8:10:38 หลังเที่ยง GMT+7","Action","ไม่ใช่","ใช่","ใช่","ใช่","ใช่","ใช่","ใช่","ไม่ใช่","ใช่","ไม่ใช่","ไม่ใช่","ใช่","ใช่","ไม่ใช่","ไม่ใช่","ใช่","ไม่ใช่","ไม่ใช่","ใช่","ไม่ใช่","ใช่","ใช่","ใช่","ใช่","ใช่","ไม่ใช่","ไม่ใช่","ใช่","ใช่"
"2566/02/23 8:18:56 หลังเที่ยง GMT+7","RPG","ใช่","ใช่","ไม่ใช่","ใช่","ไม่ใช่","ใช่","ใช่","ไม่ใช่","ไม่ใช่","ใช่","ไม่ใช่","ใช่","ไม่ใช่","ไม่ใช่","ใช่","ใช่","ใช่","ไม่ใช่","ใช่","ไม่ใช่","ใช่","ไม่ใช่","ใช่","ใช่","ไม่ใช่","ไม่ใช่","ใช่","ไม่ใช่","ไม่ใช่"
"2566/02/23 8:20:14 หลังเที่ยง GMT+7","RPG","ใช่","ใช่","ไม่ใช่","ใช่","ไม่ใช่","ใช่","ไม่ใช่","ไม่ใช่","ไม่ใช่","ไม่ใช่","ใช่","ใช่","ไม่ใช่","ไม่ใช่","ใช่","ใช่","ใช่","ไม่ใช่","ใช่","ไม่ใช่","ใช่","ไม่ใช่","ใช่","ใช่","ไม่ใช่","ไม่ใช่","ใช่","ไม่ใช่","ไม่ใช่"
"2566/02/23 8:26:06 หลังเที่ยง GMT+7","RPG","ใช่","ใช่","ใช่","ใช่","ใช่","ไม่ใช่","ใช่","ไม่ใช่","ไม่ใช่","ใช่","ใช่","ใช่","ใช่","ใช่","ไม่ใช่","ใช่","ใช่","ใช่","ใช่","ใช่","ไม่ใช่","ไม่ใช่","ไม่ใช่","ไม่ใช่","ใช่","ไม่ใช่","ใช่","ใช่","ไม่ใช่"
"2566/02/23 8:27:09 หลังเที่ยง GMT+7","Sport","ใช่","ใช่","ใช่","ใช่","ใช่","ใช่","ใช่","ไม่ใช่","ใช่","ไม่ใช่","ใช่","ใช่","ใช่","ใช่","ใช่","ใช่","ไม่ใช่","ใช่","ใช่","ใช่","ไม่ใช่","ไม่ใช่","ใช่","ใช่","ใช่","ไม่ใช่","ใช่","ไม่ใช่","ไม่ใช่"
"2566/02/23 8:42:44 หลังเที่ยง GMT+7","RPG","ไม่ใช่","ไม่ใช่","ใช่","ใช่","ใช่","ใช่","ไม่ใช่","ไม่ใช่","ไม่ใช่","ใช่","ใช่","ใช่","ใช่","ใช่","ไม่ใช่","ใช่","ไม่ใช่","ไม่ใช่","ใช่","ไม่ใช่","ไม่ใช่","ไม่ใช่","ไม่ใช่","ใช่","ใช่","ไม่ใช่","ใช่","ใช่","ไม่ใช่"
"2566/02/23 8:45:02 หลังเที่ยง GMT+7","Strategy","ใช่","ใช่","ใช่","ใช่","ใช่","ใช่","ใช่","ใช่","ใช่","ใช่","ใช่","ใช่","ไม่ใช่","ใช่","ใช่","ใช่","ใช่","ใช่","ใช่","ใช่","ใช่","ใช่","ใช่","ใช่","ใช่","ใช่","ใช่","ใช่","ใช่"
"2566/02/23 8:46:21 หลังเที่ยง GMT+7","Advanture","ใช่","ใช่","ใช่","ใช่","ใช่","ใช่","ใช่","ไม่ใช่","ใช่","ไม่ใช่","ไม่ใช่","ใช่","ใช่","ใช่","ไม่ใช่","ไม่ใช่","ใช่","ใช่","ใช่","ใช่","ไม่ใช่","ไม่ใช่","ใช่","ใช่","ใช่","ไม่ใช่","ใช่","ใช่","ไม่ใช่"
"2566/02/23 8:50:33 หลังเที่ยง GMT+7","RPG","ไม่ใช่","ใช่","ใช่","ใช่","ใช่","ใช่","ใช่","ใช่","ใช่","ใช่","ใช่","ใช่","ไม่ใช่","ใช่","ไม่ใช่","ใช่","ไม่ใช่","ใช่","ใช่","ใช่","ใช่","ไม่ใช่","ใช่","ใช่","ใช่","ไม่ใช่","ใช่","ใช่","ใช่"
"2566/02/23 8:51:02 หลังเที่ยง GMT+7","RPG","ใช่","ใช่","ใช่","ใช่","ใช่","ใช่","ใช่","ใช่","ใช่","ใช่","ใช่","ใช่","ใช่","ใช่","ใช่","ใช่","ใช่","ใช่","ใช่","ใช่","ใช่","ใช่","ใช่","ใช่","ใช่","ใช่","ใช่","ใช่","ใช่"
"2566/02/23 9:01:20 หลังเที่ยง GMT+7","Simulation","ไม่ใช่","ใช่","ไม่ใช่","ใช่","ใช่","ไม่ใช่","ไม่ใช่","ไม่ใช่","ไม่ใช่","ไม่ใช่","ใช่","ใช่","ใช่","ใช่","ใช่","ใช่","ใช่","ไม่ใช่","ใช่","ไม่ใช่","ไม่ใช่","ใช่","ไม่ใช่","ใช่","ใช่","ไม่ใช่","ใช่","ใช่","ใช่"
"2566/02/23 9:06:57 หลังเที่ยง GMT+7","Action","ใช่","ใช่","ไม่ใช่","ใช่","ไม่ใช่","ไม่ใช่","ใช่","ใช่","ไม่ใช่","ใช่","ใช่","ใช่","ใช่","ใช่","ไม่ใช่","ใช่","ใช่","ใช่","ใช่","ไม่ใช่","ใช่","ไม่ใช่","ใช่","ใช่","ใช่","ไม่ใช่","ใช่","ใช่","ไม่ใช่"
"2566/02/23 9:07:48 หลังเที่ยง GMT+7","RPG","ไม่ใช่","ใช่","ใช่","ใช่","ไม่ใช่","ไม่ใช่","ใช่","ไม่ใช่","ใช่","ใช่","ใช่","ใช่","ใช่","ใช่","ไม่ใช่","ไม่ใช่","ไม่ใช่","ใช่","ใช่","ไม่ใช่","ไม่ใช่","ใช่","ไม่ใช่","ใช่","ไม่ใช่","ไม่ใช่","ใช่","ใช่","ไม่ใช่"
"2566/02/23 9:15:09 หลังเที่ยง GMT+7","Strategy","ใช่","ใช่","ใช่","ใช่","ใช่","ไม่ใช่","ใช่","ไม่ใช่","ใช่","ใช่","ใช่","ใช่","ใช่","ใช่","ไม่ใช่","ใช่","ไม่ใช่","ใช่","ใช่","ใช่","ใช่","ไม่ใช่","ใช่","ไม่ใช่","ใช่","ไม่ใช่","ใช่","ใช่","ใช่"
"2566/02/23 9:25:25 หลังเที่ยง GMT+7","Fighting","ใช่","ใช่","ใช่","ใช่","ใช่","ใช่","ใช่","ไม่ใช่","ใช่","ไม่ใช่","ใช่","ใช่","ใช่","ใช่","ใช่","ใช่","ใช่","ไม่ใช่","ใช่","ใช่","ใช่","ไม่ใช่","ใช่","ใช่","ใช่","ไม่ใช่","ใช่","ใช่","ไม่ใช่"
"2566/02/23 9:29:19 หลังเที่ยง GMT+7","Advanture","ใช่","ไม่ใช่","ใช่","ใช่","ใช่","ใช่","ใช่","ไม่ใช่","ใช่","ใช่","ใช่","ใช่","ใช่","ใช่","ไม่ใช่","ไม่ใช่","ใช่","ไม่ใช่","ใช่","ใช่","ใช่","ไม่ใช่","ใช่","ใช่","ใช่","ไม่ใช่","ใช่","ใช่","ใช่"
"2566/02/23 9:39:32 หลังเที่ยง GMT+7","Fighting","ไม่ใช่","ใช่","ใช่","ใช่","ใช่","ไม่ใช่","ใช่","ใช่","ใช่","ไม่ใช่","ไม่ใช่","ใช่","ใช่","ใช่","ไม่ใช่","ใช่","ใช่","ไม่ใช่","ไม่ใช่","ไม่ใช่","ไม่ใช่","ใช่","ใช่","ไม่ใช่","ใช่","ไม่ใช่","ใช่","ใช่","ใช่"
"2566/02/23 9:41:20 หลังเที่ยง GMT+7","Sport","ไม่ใช่","ไม่ใช่","ใช่","ใช่","ใช่","ใช่","ใช่","ไม่ใช่","ใช่","ไม่ใช่","ใช่","ใช่","ไม่ใช่","ใช่","ไม่ใช่","ใช่","ใช่","ไม่ใช่","ใช่","ใช่","ไม่ใช่","ไม่ใช่","ใช่","ใช่","ใช่","ไม่ใช่","ใช่","ใช่","ไม่ใช่"
"2566/02/23 10:19:07 หลังเที่ยง GMT+7","Fighting","ใช่","ใช่","ใช่","ใช่","ใช่","ใช่","ใช่","ใช่","ใช่","ใช่","ใช่","ใช่","ใช่","ใช่","ใช่","ใช่","ไม่ใช่","ใช่","ใช่","ใช่","ใช่","ใช่","ใช่","ไม่ใช่","ใช่","ใช่","ใช่","ใช่","ใช่"
"2566/02/23 11:09:55 หลังเที่ยง GMT+7","Action","ใช่","ใช่","ใช่","ใช่","ใช่","ใช่","ใช่","ใช่","ใช่","ไม่ใช่","ใช่","ใช่","ใช่","ใช่","ไม่ใช่","ใช่","ใช่","ใช่","ใช่","ใช่","ใช่","ใช่","ใช่","ใช่","ใช่","ไม่ใช่","ใช่","ใช่","ไม่ใช่"
"2566/02/24 12:09:12 ก่อนเที่ยง GMT+7","Sport","ไม่ใช่","ไม่ใช่","ไม่ใช่","ใช่","ใช่","ไม่ใช่","ไม่ใช่","ไม่ใช่","ไม่ใช่","ใช่","ใช่","ไม่ใช่","ใช่","ใช่","ไม่ใช่","ใช่","ใช่","ไม่ใช่","ใช่","ใช่","ใช่","ไม่ใช่","ใช่","ใช่","ใช่","ไม่ใช่","ใช่","ใช่","ไม่ใช่"
"2566/02/24 5:45:50 ก่อนเที่ยง GMT+7","Fighting","ไม่ใช่","ใช่","ใช่","ใช่","ใช่","ไม่ใช่","ไม่ใช่","ไม่ใช่","ใช่","ไม่ใช่","ใช่","ใช่","ใช่","ใช่","ไม่ใช่","ใช่","ไม่ใช่","ไม่ใช่","ใช่","ใช่","ไม่ใช่","ไม่ใช่","ใช่","ไม่ใช่","ใช่","ไม่ใช่","ไม่ใช่","ใช่","ไม่ใช่"
"2566/02/24 8:04:41 ก่อนเที่ยง GMT+7","Advanture","ใช่","ใช่","ใช่","ใช่","ใช่","ไม่ใช่","ใช่","ไม่ใช่","ใช่","ไม่ใช่","ใช่","ใช่","ใช่","ใช่","ใช่","ใช่","ใช่","ใช่","ใช่","ใช่","ใช่","ใช่","ไม่ใช่","ใช่","ใช่","ไม่ใช่","ใช่","ใช่","ใช่"
"2566/02/24 8:46:17 ก่อนเที่ยง GMT+7","Advanture","ใช่","ใช่","ใช่","ใช่","ใช่","ใช่","ใช่","ไม่ใช่","ใช่","ไม่ใช่","ใช่","ใช่","ใช่","ใช่","ไม่ใช่","ไม่ใช่","ไม่ใช่","ใช่","ใช่","ใช่","ไม่ใช่","ใช่","ใช่","ไม่ใช่","ใช่","ใช่","ใช่","ใช่","ใช่"
"2566/02/24 3:34:47 หลังเที่ยง GMT+7","Advanture","ใช่","ใช่","ใช่","ใช่","ใช่","ใช่","ใช่","ไม่ใช่","ใช่","ไม่ใช่","ใช่","ใช่","ไม่ใช่","ใช่","ใช่","ใช่","ไม่ใช่","ใช่","ใช่","ใช่","ใช่","ใช่","ใช่","ใช่","ใช่","ไม่ใช่","ใช่","ใช่","ใช่"
"2566/02/25 10:29:07 หลังเที่ยง GMT+7","Puzzle","ใช่","ใช่","ใช่","ใช่","ใช่","ใช่","ใช่","ไม่ใช่","ใช่","ใช่","ใช่","ใช่","ใช่","ใช่","ไม่ใช่","ไม่ใช่","ใช่","ใช่","ใช่","ใช่","ไม่ใช่","ไม่ใช่","ใช่","ไม่ใช่","ใช่","ใช่","ใช่","ใช่","ใช่"
"2566/02/26 11:12:00 หลังเที่ยง GMT+7","Fighting","ใช่","ใช่","ใช่","ใช่","ไม่ใช่","ไม่ใช่","ไม่ใช่","ไม่ใช่","ใช่","ใช่","ไม่ใช่","ใช่","ใช่","ไม่ใช่","ใช่","ใช่","ใช่","ใช่","ใช่","ไม่ใช่","ไม่ใช่","ไม่ใช่","ใช่","ใช่","ใช่","ใช่","ใช่","ใช่","ไม่ใช่"
"2566/02/28 12:40:12 ก่อนเที่ยง GMT+7","Action","ใช่","ใช่","ไม่ใช่","ไม่ใช่","ไม่ใช่","ไม่ใช่","ไม่ใช่","ไม่ใช่","ไม่ใช่","ใช่","ไม่ใช่","ไม่ใช่","ใช่","ไม่ใช่","ไม่ใช่","ไม่ใช่","ไม่ใช่","ไม่ใช่","ไม่ใช่","ใช่","ใช่","ไม่ใช่","ไม่ใช่","ใช่","ไม่ใช่","ไม่ใช่","ไม่ใช่","ไม่ใช่","ไม่ใช่"
"2566/02/28 12:41:00 ก่อนเที่ยง GMT+7","RPG","ไม่ใช่","ไม่ใช่","ไม่ใช่","ใช่","ไม่ใช่","ใช่","ใช่","ไม่ใช่","ใช่","ไม่ใช่","ไม่ใช่","ไม่ใช่","ไม่ใช่","ไม่ใช่","ใช่","ไม่ใช่","ไม่ใช่","ไม่ใช่","ไม่ใช่","ไม่ใช่","ไม่ใช่","ไม่ใช่","ไม่ใช่","ไม่ใช่","ไม่ใช่","ไม่ใช่","ไม่ใช่","ใช่","ไม่ใช่"
"2566/02/28 12:41:57 ก่อนเที่ยง GMT+7","Simulation","ไม่ใช่","ไม่ใช่","ใช่","ไม่ใช่","ไม่ใช่","ไม่ใช่","ไม่ใช่","ไม่ใช่","ไม่ใช่","ไม่ใช่","ใช่","ใช่","ไม่ใช่","ไม่ใช่","ไม่ใช่","ใช่","ไม่ใช่","ไม่ใช่","ใช่","ไม่ใช่","ไม่ใช่","ไม่ใช่","ไม่ใช่","ไม่ใช่","ใช่","ไม่ใช่","ไม่ใช่","ไม่ใช่","ไม่ใช่"
"2566/02/28 12:44:10 ก่อนเที่ยง GMT+7","Puzzle","ใช่","ใช่","ไม่ใช่","ไม่ใช่","ไม่ใช่","ใช่","ใช่","ไม่ใช่","ไม่ใช่","ไม่ใช่","ใช่","ใช่","ใช่","ไม่ใช่","ไม่ใช่","ไม่ใช่","ไม่ใช่","ไม่ใช่","ใช่","ไม่ใช่","ไม่ใช่","ไม่ใช่","ไม่ใช่","ไม่ใช่","ไม่ใช่","ใช่","ใช่","ไม่ใช่","ไม่ใช่"
"2566/02/28 12:45:01 ก่อนเที่ยง GMT+7","Advanture","ใช่","ใช่","ไม่ใช่","ใช่","ไม่ใช่","ใช่","ไม่ใช่","ไม่ใช่","ไม่ใช่","ไม่ใช่","ไม่ใช่","ใช่","ใช่","ใช่","ไม่ใช่","ไม่ใช่","ไม่ใช่","ไม่ใช่","ใช่","ไม่ใช่","ไม่ใช่","ไม่ใช่","ใช่","ใช่","ไม่ใช่","ไม่ใช่","ใช่","ไม่ใช่","ไม่ใช่"
"2566/02/28 9:37:16 ก่อนเที่ยง GMT+7","RPG","ไม่ใช่","ไม่ใช่","ไม่ใช่","ใช่","ใช่","ใช่","ใช่","ไม่ใช่","ใช่","ใช่","ใช่","ใช่","ใช่","ใช่","ใช่","ใช่","ใช่","ใช่","ใช่","ใช่","ใช่","ใช่","ใช่","ใช่","ใช่","ใช่","ใช่","ใช่","ใช่"
"2566/02/28 10:05:12 ก่อนเที่ยง GMT+7","Action","ไม่ใช่","ใช่","ใช่","ใช่","ใช่","ไม่ใช่","ใช่","ไม่ใช่","ไม่ใช่","ไม่ใช่","ไม่ใช่","ใช่","ไม่ใช่","ใช่","ไม่ใช่","ใช่","ใช่","ไม่ใช่","ไม่ใช่","ใช่","ไม่ใช่","ใช่","ใช่","ใช่","ใช่","ไม่ใช่","ใช่","ใช่","ใช่"
"2566/03/01 11:32:13 ก่อนเที่ยง GMT+7","Advanture","ใช่","ใช่","ใช่","ใช่","ใช่","ใช่","ใช่","ใช่","ใช่","ใช่","ใช่","ใช่","ใช่","ใช่","ใช่","ใช่","ใช่","ใช่","ใช่","ใช่","ใช่","ใช่","ไม่ใช่","ไม่ใช่","ใช่","ใช่","ใช่","ใช่","ไม่ใช่"
"2566/03/02 3:02:38 หลังเที่ยง GMT+7","Fighting","ใช่","ใช่","ไม่ใช่","ไม่ใช่","ไม่ใช่","ไม่ใช่","ไม่ใช่","ไม่ใช่","ไม่ใช่","ใช่","ไม่ใช่","ไม่ใช่","ใช่","ไม่ใช่","ไม่ใช่","ไม่ใช่","ไม่ใช่","ไม่ใช่","ไม่ใช่","ใช่","ไม่ใช่","ไม่ใช่","ไม่ใช่","ใช่","ไม่ใช่","ไม่ใช่","ไม่ใช่","ไม่ใช่","ไม่ใช่"
"2566/03/02 3:03:56 หลังเที่ยง GMT+7","Simulation","ไม่ใช่","ไม่ใช่","ใช่","ไม่ใช่","ไม่ใช่","ไม่ใช่","ใช่","ไม่ใช่","ไม่ใช่","ไม่ใช่","ไม่ใช่","ใช่","ใช่","ไม่ใช่","ไม่ใช่","ไม่ใช่","ไม่ใช่","ไม่ใช่","ไม่ใช่","ไม่ใช่","ไม่ใช่","ไม่ใช่","ไม่ใช่","ไม่ใช่","ไม่ใช่","ไม่ใช่","ไม่ใช่","ใช่","ไม่ใช่"
"2566/03/12 3:34:58 หลังเที่ยง GMT+7","RPG","ใช่","ใช่","ใช่","ใช่","ใช่","ใช่","ใช่","ไม่ใช่","ใช่","ใช่","ไม่ใช่","ใช่","ใช่","ใช่","ใช่","ใช่","ใช่","ไม่ใช่","ใช่","ไม่ใช่","ไม่ใช่","ใช่","ไม่ใช่","ใช่","ไม่ใช่","ไม่ใช่","ใช่","ใช่","ไม่ใช่"
"2566/03/15 9:25:10 ก่อนเที่ยง GMT+7","Strategy","ไม่ใช่","ใช่","ใช่","ใช่","ใช่","ใช่","ใช่","ใช่","ใช่","ใช่","ใช่","ใช่","ใช่","ใช่","ใช่","ใช่","ใช่","ใช่","ใช่","ใช่","ใช่","ใช่","ใช่","ไม่ใช่","ใช่","ใช่","ใช่","ใช่","ใช่"